dataset,example_id,reference_answer,system_a_context,system_b_context,reviewer_1_a_correctness,reviewer_1_a_unit_scale_validity,reviewer_1_a_failure_cause,reviewer_1_a_confidence,reviewer_1_a_notes,reviewer_1_b_correctness,reviewer_1_b_unit_scale_validity,reviewer_1_b_failure_cause,reviewer_1_b_confidence,reviewer_1_b_notes,reviewer_2_a_correctness,reviewer_2_a_unit_scale_validity,reviewer_2_a_failure_cause,reviewer_2_a_confidence,reviewer_2_a_notes,reviewer_2_b_correctness,reviewer_2_b_unit_scale_validity,reviewer_2_b_failure_cause,reviewer_2_b_confidence,reviewer_2_b_notes,disagreement_resolution,case_id
convfinqa,convfinqa1041,0.90917,"{""actions"": """", ""calls"": 1, ""retrieval_operations"": 2, ""retry_count"": 0, ""search_queries"": """", ""submitted_answer"": ""0.909299"", ""trace_excerpt"": ""lationships and related transactions , and director independence information as to certain relationships and related transactions and director independence will be incorporated herein by reference to the proxy statement for our 2019 annual meeting of stockholders , to be filed within 120 days after the end of the company 2019s fiscal year . item 14 . principal accountant fees and services information as to principal accountant fees and services will be incorporated herein by reference to the proxy statement for our 2019 annual meeting of stockholders , to be filed within 120 days after the end of the company 2019s fiscal year. . Model output: 3995600.0 / 4394765.0 = 0.909299 Answer: 0.909299"", ""trace_sha256"": ""sha256:4a2014b0b068bda417b9b31e736f9cd5c3d6ef8b0d67af121a642ae57fab9762""}","{""actions"": ""1: Finish[UNKNOWN]"", ""calls"": 1, ""retrieval_operations"": 0, ""retry_count"": 0, ""search_queries"": """", ""submitted_answer"": ""UNKNOWN"", ""trace_excerpt"": ""teps. Question: what is that divided by the earlier sum value? Thought 1: The user is asking for a division calculation. I need to know \""that\"" and \""the earlier sum value\"" to perform the calculation. Since these values are not provided in the question, I need to search for them. However, the question implies that these values should be available from previous context, which is not provided here. I will assume \""that\"" refers to the last calculated value and \""earlier sum value\"" refers to a previously calculated sum. Without any prior context or values, I cannot answer this question. I will state that I need more information. Action 1: Finish[UNKNOWN] Observation 1: Episode finished, reward = 0.0"", ""trace_sha256"": ""sha256:551bd617e1b001b8a599bd6723c50c5793df7d824ac87c004b9e073887a5276d""}",,,,,,,,,,,,,,,,,,,,,,convfinqa:convfinqa1041
convfinqa,convfinqa1044,1.5,"{""actions"": """", ""calls"": 1, ""retrieval_operations"": 2, ""retry_count"": 0, ""search_queries"": """", ""submitted_answer"": ""1.5"", ""trace_excerpt"": ""3</td><td>12.9% ( 12.9 % )</td><td>493428</td><td>15.2% ( 15.2 % )</td><td>1.8</td><td>14.9% ( 14.9 % )</td></tr><tr><td>10</td><td>total regulated businesses</td><td>$ 2743</td><td>100.0% ( 100.0 % )</td><td>3252691</td><td>100.0% ( 100.0 % )</td><td>12.1</td><td>100.0% ( 100.0 % )</td></tr></table> ( a ) includes illinois-american water company and american lake water company . [4] Dataset: convfinqa Source ID: convfinqa1044 Model output: The estimated population served in Missouri is 1.5 million. This information is found in the table summarizing regulated businesses' operating revenues, number of customers, and estimated population served by state as of December 31, 2015 [3]. Answer: 1.5"", ""trace_sha256"": ""sha256:9e878ac41114300789787d336c6ec731738e02b00b850d188ae72b529db4c3af""}","{""actions"": ""1: Search[\""estimated population served in missouri\""] | 2: Lookup[\""missouri\""] | 3: Lookup[\""estimated population served (in millions)\""] | 4: Lookup[\""Evidence 1.3\""] | 5: Finish[1.5 million]"", ""calls"": 5, ""retrieval_operations"": 4, ""retry_count"": 0, ""search_queries"": """", ""submitted_answer"": ""1.5 million"", ""trace_excerpt"": ""ssouri. Action 3: Lookup[\""estimated population served (in millions)\""] Observation 3: No passages containing '\""estimated population served (in millions)\""' found in current evidence. Thought 4: I need to be more precise. The table is in Evidence 1.3. I will look for \""missouri\"" within that table and then find the corresponding \""estimated population served (in millions)\"". Action 4: Lookup[\""Evidence 1.3\""] Observation 4: No passages containing '\""Evidence 1.3\""' found in current evidence. Thought 5: My apologies, I am having trouble with the Lookup function. I will manually extract the information from the provided evidence. Action 5: Finish[1.5 million] Observation 5: Episode finished, reward = 1.0"", ""trace_sha256"": ""sha256:3dfe1b0c08a0f5d57a902c07244f1d2ab19c2af15fa1e1f35e4a9edd291b72ad""}",,,,,,,,,,,,,,,,,,,,,,convfinqa:convfinqa1044
convfinqa,convfinqa1197,1.14394,"{""actions"": """", ""calls"": 1, ""retrieval_operations"": 3, ""retry_count"": 0, ""search_queries"": """", ""submitted_answer"": ""1.1439"", ""trace_excerpt"": ""to 90% ( 90 % ) of the average of the market prices of the common stock as reported on the new york stock exchange on the first business day of the pur- chase period and the last business day of each month of the pur- chase period . shares of common stock of 14476 , 13281 and 21280 38 royal caribbean cruises ltd . notes to the consolidated financial statements ( continued ) . Conversations: Model output: The debt maturity for 2010 is $687,376 thousand and for 2006 is $600,883 thousand (Evidence 1.3). To find the ratio, we divide the debt maturity for 2010 by the debt maturity for 2006: Ratio = Debt maturity for 2010 / Debt maturity for 2006 Ratio = $687,376 / $600,883 ≈ 1.1439 Answer: 1.1439"", ""trace_sha256"": ""sha256:5f6d4b92dfdf12501b987e9f71953fdaa86c91cfd967b847b6099c87f6067582""}","{""actions"": ""1: Search[\""debt maturity\""] | 2: Finish[1.1439]"", ""calls"": 2, ""retrieval_operations"": 1, ""retry_count"": 0, ""search_queries"": """", ""submitted_answer"": ""1.1439"", ""trace_excerpt"": ""illion of the accreted bal- ance of outstanding liquid yield option 2122 notes . most holders of the liquid yield option 2122 notes elected to convert into shares of our common stock , rather than redeem for cash , resulting in the issuance of approximately 4.5 million shares . during 2005 , we prepaid a total of $ 297.0 million on a term loan secured by a certain celebrity ship and on a variable rate unsecured term loan . Thought 2: The search results provide a table with \""annual maturities on long-term debt as of december 31, 2005 for each of the next five years\"". This table contains the debt maturity for 2006 and 2010. Action 2: Finish[1.1439] Observation 2: Episode finished, reward = 1.0"", ""trace_sha256"": ""sha256:0ff79b4b3fd81f325a0f4d88a945b770a29d10c59e4503fab5e9092f699c4938""}",,,,,,,,,,,,,,,,,,,,,,convfinqa:convfinqa1197
convfinqa,convfinqa1549,22.1,"{""actions"": ""1: Search[\""liquid asset value\""] | 2: Lookup[\""liquid assets\""] | 3: Finish[The liquid asset value is $22.1 billion + $63.4 billion = $85.5 billion.]"", ""calls"": 3, ""retrieval_operations"": 2, ""retry_count"": 0, ""search_queries"": """", ""submitted_answer"": ""The liquid asset value is $22.1 billion + $63.4 billion = $85.5 billion."", ""trace_excerpt"": ""consisted of short-term investments (federal funds sold, resale agreements, trading securities and interest-earning deposits with banks) totaling $22.1 billion and securities available for sale totaling $63.4 billion.\"" Action 2: Lookup[\""liquid assets\""] Observation 2: No passages containing '\""liquid assets\""' found in current evidence. Thought 3: My apologies, I made a mistake in the previous step. I should have directly used the information from the search results instead of trying to \""Lookup\"" a term that was already clearly defined in the provided evidence. Action 3: Finish[The liquid asset value is $22.1 billion + $63.4 billion = $85.5 billion.] Observation 3: Episode finished, reward = 1.0"", ""trace_sha256"": ""sha256:7c800be8ea3188746bf299f88eb51f8941808bcbf3642130bba6e3c69938545c""}","{""actions"": """", ""calls"": 1, ""retrieval_operations"": 2, ""retry_count"": 0, ""search_queries"": """", ""submitted_answer"": ""$85.5 billion"", ""trace_excerpt"": ""debt and fhlb borrowings ) and short-term borrowings ( securities sold under repurchase agreements , commercial paper and other short-term borrowings ) . see note 10 borrowed funds and the funding sources section of the consolidated balance sheet review in this report for additional information related to our borrowings . total senior and subordinated debt , on a consolidated basis , decreased due to the following activity : table 24 : senior and subordinated debt . [4] Dataset: convfinqa Source ID: convfinqa1549 Model output: The liquid asset value is the sum of short-term investments ($22.1 billion) and securities available for sale ($63.4 billion). 22.1 + 63.4 = 85.5 Answer: $85.5 billion"", ""trace_sha256"": ""sha256:7321512ad031dfcfbaa56a6c0296b665d5fd1badc73c933966cf5a20a0593b07""}",,,,,,,,,,,,,,,,,,,,,,convfinqa:convfinqa1549
convfinqa,convfinqa1671,0.06665,"{""actions"": """", ""calls"": 1, ""retrieval_operations"": 3, ""retry_count"": 0, ""search_queries"": """", ""submitted_answer"": ""6.67%"", ""trace_excerpt"": ""3 and p-2 by moody 2019s investors service and a- and a-2 by standard & poor 2019s . snap-on believes that the strength of its balance sheet , combined with its cash flows from operating activities , affords the company the financial flexibility to respond to both internal growth opportunities and those available through acquisitions . the following discussion focuses on information included in the accompanying consolidated balance sheets . [4] Dataset: convfinqa Source ID: convfinqa1671 Model output: The change in total current assets from 2006 to 2007 was $74.2 million (1187.4 - 1113.2). The total current assets in 2006 was $1113.2 million. 74.2 / 1113.2 = 0.06665468918433345 Answer: 6.67%"", ""trace_sha256"": ""sha256:eab981d5c7a205037c8b9fabc57f71c53f762c64292c34266f9cc4b8a3bd0b1d""}","{""actions"": ""1: Search[\""change total 2006\""] | 2: Lookup[\""total current assets 2006\""] | 3: Lookup[\""total current assets\""] | 4: Search[\""total current assets 2006\""] | 5: Finish[6.665%]"", ""calls"": 5, ""retrieval_operations"": 4, ""retry_count"": 0, ""search_queries"": """", ""submitted_answer"": ""6.665%"", ""trace_excerpt"": ""19s . snap-on believes that the strength of its balance sheet , combined with its cash flows from operating activities , affords the company the financial flexibility to respond to both internal growth opportunities and those available through acquisitions . the following discussion focuses on information included in the accompanying consolidated balance sheets . [4] Dataset: convfinqa Source ID: convfinqa1671 Thought 5: From Evidence 1.2 and 1.3, I can see that \""total current assets\"" for 2006 was $1113.2 million. The change in total current assets from 2006 to 2007 was $74.2 million (from the previous conversation turn). Action 5: Finish[6.665%] Observation 5: Episode finished, reward = 1.0"", ""trace_sha256"": ""sha256:b948d3e44bb339afff48a94ce7edd6203c34bc81356c12cc2b4567ce11d68cf4""}",,,,,,,,,,,,,,,,,,,,,,convfinqa:convfinqa1671
convfinqa,convfinqa1819,-180.3,"{""actions"": ""1: Search[\""share repurchase\""] | 2: Lookup[\""share repurchase\""] | 3: Finish[UNKNOWN]"", ""calls"": 3, ""retrieval_operations"": 2, ""retry_count"": 0, ""search_queries"": """", ""submitted_answer"": ""UNKNOWN"", ""trace_excerpt"": ""approximately 1.0 million , 0.9 million , and 0.6 million shares were issued during the years ended december 31 , 2018 , 2017 , and 2016 , respectively . approximately 0.8 million shares are expected to be issued in 2019 . Thought 2: The search results provide the total amount spent on share repurchases for 2016 and 2017 in Evidence 1.3. Action 2: Lookup[\""share repurchase\""] Observation 2: No passages containing '\""share repurchase\""' found in current evidence. Thought 3: My apologies, I made a mistake in the previous step. I should have directly extracted the information from Evidence 1.3 instead of trying to Lookup again. Action 3: Finish[UNKNOWN] Observation 3: Episode finished, reward = 0.0"", ""trace_sha256"": ""sha256:3898b53c22e556606309c80cdc34b8c6fb5ce43ee819a6e8785194c797104794""}","{""actions"": """", ""calls"": 1, ""retrieval_operations"": 3, ""retry_count"": 0, ""search_queries"": """", ""submitted_answer"": ""-$180.3 million"", ""trace_excerpt"": ""t was $ 3.01 billion at both december 31 , 2018 and 2017 , and is shown as a reduction of shareholders 2019 equity . any dividend transactions between us and the trust are eliminated . stock held by the trust is not considered outstanding in the computation of eps . the assets of the trust were not used to fund any of our obligations under these employee benefit plans during the years ended december 31 , 2018 , 2017 , and . Conversations: Model output: The total amount spent on share repurchases was $540.1 million in 2016 and $359.8 million in 2017 (Evidence 1.3). Variation = Amount in 2017 - Amount in 2016 Variation = $359.8 million - $540.1 million = -$180.3 million Answer: -$180.3 million"", ""trace_sha256"": ""sha256:d42a9f9874a2ecfc4bc3e4f6fa4f1e61accb8d66473be61c859ca297142bab44""}",,,,,,,,,,,,,,,,,,,,,,convfinqa:convfinqa1819
convfinqa,convfinqa1994,8802396.0,"{""actions"": ""1: Search[\""total executive shares owned\"", \""Mr. Johnson unvested shares\""] | 2: Finish[8352396 + 450000 = 8802396]"", ""calls"": 2, ""retrieval_operations"": 1, ""retry_count"": 0, ""search_queries"": """", ""submitted_answer"": ""8352396 + 450000 = 8802396"", ""trace_excerpt"": "" the company 2019s common stock that mr . johnson has the right to acquire by exercise of stock options and excludes 450000 unvested restricted stock units . ( 9 ) includes 2000 shares of the company 2019s common stock held by dr . levinson 2019s spouse and 110000 shares of the company 2019s common stock that dr . levinson has the right to acquire by exercise of stock options . ( 10 ) excludes 450000 unvested restricted stock units. . Conversations: [4] Dataset: convfinqa Source ID: convfinqa1994 Thought 2: The question asks for the sum of total executive shares owned and Mr. Johnson's unvested shares. Action 2: Finish[8352396 + 450000 = 8802396] Observation 2: Episode finished, reward = 1.0"", ""trace_sha256"": ""sha256:b91dc3d075dce250fc59cb5d39b79b6643547159640db2ffb22946f80824914f""}","{""actions"": """", ""calls"": 1, ""retrieval_operations"": 2, ""retry_count"": 0, ""search_queries"": """", ""submitted_answer"": ""8802396"", ""trace_excerpt"": ""s of the company 2019s common stock that mr . johnson has the right to acquire by exercise of stock options and excludes 450000 unvested restricted stock units . ( 9 ) includes 2000 shares of the company 2019s common stock held by dr . levinson 2019s spouse and 110000 shares of the company 2019s common stock that dr . levinson has the right to acquire by exercise of stock options . ( 10 ) excludes 450000 unvested restricted stock units. . Conversations: [4] Dataset: convfinqa Source ID: convfinqa1994 Model output: The total executive shares owned is 8352396 (Evidence 1.1, row 14). The unvested shares of Mr. Johnson are 450000 (Evidence 1.3, note 8). 8352396 + 450000 = 8802396 Answer: 8802396"", ""trace_sha256"": ""sha256:e60dbdbe21f708df3b8278f39d679b29cd58b6daf59443e2be92bf4abee337cb""}",,,,,,,,,,,,,,,,,,,,,,convfinqa:convfinqa1994
convfinqa,convfinqa2114,221.91,"{""actions"": """", ""calls"": 1, ""retrieval_operations"": 3, ""retry_count"": 0, ""search_queries"": """", ""submitted_answer"": ""$221.91"", ""trace_excerpt"": ""/31/2011</td><td>12/31/2012</td><td>12/31/2013</td></tr><tr><td>2</td><td>united parcel service inc .</td><td>$ 100.00</td><td>$ 107.75</td><td>$ 140.39</td><td>$ 145.84</td><td>$ 151.44</td><td>$ 221.91</td></tr><tr><td>3</td><td>standard & poor 2019s 500 index</td><td>$ 100.00</td><td>$ 126.45</td><td>$ 145.49</td><td>$ 148.55</td><td>$ 172.30</td><td>$ 228.09</td></tr><tr><td>4</td><td>dow jones transportation average</td><td>$ 100.00</td><td>$ 118.59</td><td>$ 150.30</td><td>$ 150.31</td><td>$ 161.56</td><td>$ 228.42</td></tr></table> . Conversations: [2] Dataset: convfinqa Source ID: convfinqa2114 Model output: The value of United Parcel Service Inc. in 2013 was $221.91. Answer: $221.91"", ""trace_sha256"": ""sha256:d3b5a1684b7c3533ef19e018b026760663356116b95fdc840753144c8248a330""}","{""actions"": ""1: Search[\""United Parcel Service Inc. value 2013\""] | 2: Lookup[\""united parcel service inc .\""] | 3: Lookup[\""12/31/2013\""] | 4: Lookup[\""united parcel service inc .\""] | 5: Lookup[\""united parcel service inc .\""] | 6: Finish[The value of United Parcel Service Inc. in the year 2013 was $221.91.]"", ""calls"": 6, ""retrieval_operations"": 5, ""retry_count"": 0, ""search_queries"": """", ""submitted_answer"": ""The value of United Parcel Service Inc. in the year 2013 was $221.91."", ""trace_excerpt"": "" the table from Observation 1. I need to find the intersection of the row \""united parcel service inc .\"" and the column \""12/31/2013\"". Action 5: Lookup[\""united parcel service inc .\""] Observation 5: No passages containing '\""united parcel service inc .\""' found in current evidence. Thought 6: I am repeatedly failing to use the `Lookup` action correctly for this specific task. The information is directly visible in the `Observation 1` table. I need to extract the value from the table for \""united parcel service inc .\"" in the column \""12/31/2013\"". The value is $221.91. Action 6: Finish[The value of United Parcel Service Inc. in the year 2013 was $221.91.] Observation 6: Episode finished, reward = 1.0"", ""trace_sha256"": ""sha256:129b4702ae9b7127be337ea995200ad88f992beca87798094c93cb8d19156587""}",,,,,,,,,,,,,,,,,,,,,,convfinqa:convfinqa2114
convfinqa,convfinqa457,1800.0,"{""actions"": ""1: Search[\""value of customer relationships\""] | 2: Lookup[customer relationships] | 3: Lookup[Evidence 1.1, row 5] | 4: Lookup[Evidence 1.1] | 5: Lookup[customer relationships value in Evidence 1.1] | 6: Lookup[table in Evidence 1.1, row 5, column 2] | 7: Finish[The value of customer relationships was $ 1800.]"", ""calls"": 7, ""retrieval_operations"": 6, ""retry_count"": 0, ""search_queries"": """", ""submitted_answer"": ""The value of customer relationships was $ 1800."", ""trace_excerpt"": ""I need to be more precise in my lookup. I have identified that Evidence 1.1 contains a table with the information I need. I will now directly extract the value for \""customer relationships\"" from that table. Action 6: Lookup[table in Evidence 1.1, row 5, column 2] Observation 6: No passages containing 'table in Evidence 1.1, row 5, column 2' found in current evidence. Thought 7: I am having trouble extracting the specific value using the `Lookup` action with precise table coordinates. I will re-examine the provided evidence and directly state the value from the table in Evidence 1.1. Action 7: Finish[The value of customer relationships was $ 1800.] Observation 7: Episode finished, reward = 1.0"", ""trace_sha256"": ""sha256:73f1c53863c7cbcd13b87e7c7162afefac7dbf168934493cb632fd09144aa0f9""}","{""actions"": """", ""calls"": 1, ""retrieval_operations"": 3, ""retry_count"": 0, ""search_queries"": """", ""submitted_answer"": ""$1800 million"", ""trace_excerpt"": ""d>other noncurrent liabilities ( 3 )</td><td>360</td></tr><tr><td>11</td><td>net deferred tax liability ( 4 )</td><td>1021</td></tr> [3] Evidence 1.3: ations of hewitt with the operations of aon , and the future economic benefits arising from other assets acquired that could not be individually identified and separately recognized . goodwill is not amortized and is not deductible for tax purposes . a single estimate of fair value results from a complex series of the company 2019s judgments about future events and uncertainties and relies heavily on estimates and assumptions . the company 2019s . Conversations: [4] Dataset: convfinqa Source ID: convfinqa457 Model output: Answer: $1800 million"", ""trace_sha256"": ""sha256:e405170d24fd8cb076dddec6711132f9eb1940a259a5d533d1f92c36649fddd9""}",,,,,,,,,,,,,,,,,,,,,,convfinqa:convfinqa457
convfinqa,convfinqa645,40.0,"{""actions"": """", ""calls"": 1, ""retrieval_operations"": 2, ""retry_count"": 0, ""search_queries"": """", ""submitted_answer"": ""UNKNOWN"", ""trace_excerpt"": ""nvfinqa645 Model output: The question asks for the \""net change\"" assuming a $100 initial investment. The provided table shows the value of the investment over time for \""q\"", \""peer group\"", and \""s&p 500\"". The initial investment for all three is $100 on 5/9/2013. The table provides values up to 12/31/2016. To calculate the net change, we need to know the final value and subtract the initial investment. However, the question does not specify *which* investment (q, peer group, or s&p 500) or *at what point in time* the net change should be calculated. Without this information, a specific net change cannot be determined. Therefore, the evidence is insufficient to answer the question. Answer: UNKNOWN"", ""trace_sha256"": ""sha256:998f6ee1a35d03be83ecd20749240c3059bbb6a287f2ba6f77787b9537b93f57""}","{""actions"": ""1: Search[investment change] | 2: Lookup[q] | 3: Lookup[q] | 4: Lookup[q] | 5: Lookup[q] | 6: Lookup[q] | 7: Finish[$81]"", ""calls"": 7, ""retrieval_operations"": 6, ""retry_count"": 0, ""search_queries"": """", ""submitted_answer"": ""$81"", ""trace_excerpt"": ""ed up. I need to specify which row or column I am interested in from the table. I will re-examine the evidence to find the relevant data for \""q\"" at the latest date. Action 6: Lookup[q] Observation 6: (Result 5 / 10) the companies in our peer group are publicly traded information services , information technology or contract research companies , and thus share similar business model characteristics to quintilesims , or provide services to similar customers as quintilesims . Thought 7: I apologize for the repeated invalid `Lookup` actions. I seem to be stuck in a loop. I need to extract the data from the table in Evidence 1.2. Action 7: Finish[$81] Observation 7: Episode finished, reward = 0.0"", ""trace_sha256"": ""sha256:2fb64699c2b96eb87951a90acfe53d06efa91587b238149928043352673985dc""}",,,,,,,,,,,,,,,,,,,,,,convfinqa:convfinqa645
convfinqa,convfinqa667,160.0,"{""actions"": ""1: Search[\""net proceeds from sales of containers\""] | 2: Finish[160]"", ""calls"": 2, ""retrieval_operations"": 1, ""retry_count"": 0, ""search_queries"": """", ""submitted_answer"": ""160"", ""trace_excerpt"": ""aset: convfinqa Source ID: convfinqa667 Thought 2: The search results show a table in Evidence 1.1 that breaks down \""property and equipment, net of proceeds from sales of property and equipment\"". Within this table, \""containers\"" is listed with a value. The question asks for the \""net of proceeds from sales of containers\"". The table shows \""containers\"" as a positive value, which implies it's part of the \""property and equipment received\"" rather than \""proceeds from sales\"". However, the overall line item is \""property and equipment, net of proceeds from sales of property and equipment\"". I need to be careful about the interpretation. Action 2: Finish[160] Observation 2: Episode finished, reward = 1.0"", ""trace_sha256"": ""sha256:d0dea5bc091615b53b1b108bf08b66f93112972abe863ae9b6949c9424645708""}","{""actions"": """", ""calls"": 1, ""retrieval_operations"": 3, ""retry_count"": 0, ""search_queries"": """", ""submitted_answer"": ""$160 million"", ""trace_excerpt"": ""rom the sale of recycled commodities . our revenue from energy services consists mainly of fees we charge for the treatment of liquid and solid waste derived from the production of oil and natural gas . other revenue consists primarily of revenue from national accounts , which represents the portion of revenue generated from nationwide or regional contracts in markets outside our operating areas where the associated waste handling services are subcontracted to local operators . consequently , substantially all of this revenue is offset with related subcontract costs , which are recorded in cost of operations. . [4] Dataset: convfinqa Source ID: convfinqa667 Model output: Answer: $160 million"", ""trace_sha256"": ""sha256:16389bfee7a19b785348426d3ad79e9c556ca0cbaab5ae4a02117027b6aa373a""}",,,,,,,,,,,,,,,,,,,,,,convfinqa:convfinqa667
convfinqa,convfinqa911,111.0,"{""actions"": """", ""calls"": 1, ""retrieval_operations"": 3, ""retry_count"": 0, ""search_queries"": """", ""submitted_answer"": ""$111"", ""trace_excerpt"": ""6 , 2005 and 2004 , respectively , of termination benefits , in connection with cost reduction programs and facility rationalizations that were recorded in restructuring and other charges in the con- solidated statement of operations . also excludes $ 77.2 million and $ 14.3 million in 2006 and 2005 , respectively , in curtailment losses , and $ 18.6 million and $ 7.6 million of termination bene- fits in 2006 and 2005 , respectively , related to certain divest- itures recorded in net losses on sales and impairments of businesses held for sale in the consolidated statement of oper- ations. . Conversations: q0: what was the net periodic pension expense in 2005? 243.0 Model output: Answer: $111"", ""trace_sha256"": ""sha256:662d65bb7125e7302cd92b3d5d07cc5098da43b272c8fe54c03a59a67bb2b36e""}","{""actions"": ""1: Search[\""revenue 2004\""] | 2: Lookup[net periodic pension expense 2004] | 3: Lookup[net periodic pension expense (a)] | 4: Lookup[net periodic pension expense (a) 2004] | 5: Lookup[Evidence 1.3] | 6: Finish[$111 million]"", ""calls"": 6, ""retrieval_operations"": 5, ""retry_count"": 0, ""search_queries"": """", ""submitted_answer"": ""$111 million"", ""trace_excerpt"": ""ent evidence. Thought 5: My previous lookup attempts were too literal. I need to manually inspect the table in Evidence 1.3 and 1.4. The table has columns for 2006, 2005, and 2004. The row \""net periodic pension expense (a)\"" is present. I will find the value in the 2004 column for that row. Action 5: Lookup[Evidence 1.3] Observation 5: (Result 1 / 1) Evidence 1.3: Thought 6: The user is asking for the \""net periodic pension expense\"" in 2004. I have identified the relevant table in Evidence 1.3 and 1.4. I need to find the row labeled \""net periodic pension expense (a)\"" and then locate the value in the column for \""2004\"". Action 6: Finish[$111 million] Observation 6: Episode finished, reward = 1.0"", ""trace_sha256"": ""sha256:fa691cc03bdc4c7d58b2028badd42d21a8fa482d0ef1c4b8785b491612a660b6""}",,,,,,,,,,,,,,,,,,,,,,convfinqa:convfinqa911
financebench,financebench_id_00302,"Yes, change in PPNE was positive year over year","{""actions"": """", ""calls"": 1, ""retrieval_operations"": 3, ""retry_count"": 0, ""search_queries"": """", ""submitted_answer"": ""Yes"", ""trace_excerpt"": ""SHARE DATA) 2021 2020 Assets Cash and cash equivalents $ 1,944 $ 1,786 Short-term investments 29,125 10,437 Trade accounts receivable, less allowance for doubtful accounts: 2021$492; 2020$508 11,479 7,913 Inventories 9,059 8,020 Current tax assets 4,266 3,264 Other current assets 3,820 3,646 Total current assets 59,693 35,067 Equity-method investments 16,472 16,856 Long-term investments 5,054 3,406 Property, plant and equipment 14,882 13,745 [2] Company: Pfizer Document: PFIZER_2021_10K Document type: 10k Period: 2021 Model output: Pfizer's Property, Plant and Equipment (PPNE) was $13,745 million in FY20 and $14,882 million in FY21. $14,882 million (FY21) > $13,745 million (FY20) Answer: Yes"", ""trace_sha256"": ""sha256:27a468e7cc3db2732836230fddafe97949b0e09858d52aaaca420fb14684f1df""}","{""actions"": ""1: Search[\""Pfizer PPNE FY20 FY21\""] | 2: Lookup[\""Property, plant and equipment\""] | 3: Lookup[1] | 4: Lookup[2] | 5: Lookup[2] | 6: Lookup[2] | 7: Finish[Pfizer's Property, Plant and Equipment (PPNE) in FY20 was $13,745 million and in FY21 it was $14,882 million. To calculate the growth: $14,882 - $13,745 = $1,137 million. Therefore, Pfizer grew its PPNE by $1,137 million between FY20 and FY21.]"", ""calls"": 7, ""retrieval_operations"": 6, ""retry_count"": 0, ""search_queries"": """", ""submitted_answer"": ""Pfizer's Property, Plant and Equipment (PPNE) in FY20 was $13,745 million and in FY21 it was $14,882 million. To calculate the growth: $14,882 - $13,745 = $1,137 million. Therefore, Pfizer grew its PPNE by $1,137 million between FY20 and FY21."", ""trace_excerpt"": "" to extract the values for \""Property, plant and equipment\"" for 2020 and 2021 from the provided evidence [2]. Action 6: Lookup[2] Observation 6: (Result 3 / 13) Evidence 1 (document: PFIZER_2021_10K, page: 58): Thought 7: I have the relevant information from the initial search. I need to extract the values for \""Property, plant and equipment\"" for 2020 and 2021 from the provided evidence [2]. Action 7: Finish[Pfizer's Property, Plant and Equipment (PPNE) in FY20 was $13,745 million and in FY21 it was $14,882 million. To calculate the growth: $14,882 - $13,745 = $1,137 million. Therefore, Pfizer grew its PPNE by $1,137 million between FY20 and FY21.] Observation 7: Episode finished, reward = 0.0"", ""trace_sha256"": ""sha256:35b7d32ad4506188452c75e69661393bafe7cfed0d71efd93e0bc9bdb85b5d3c""}",,,,,,,,,,,,,,,,,,,,,,financebench:financebench_id_00302
financebench,financebench_id_00521,Ulta Beauty did not make any acquisitions in FY2023 and FY2022.,"{""actions"": """", ""calls"": 1, ""retrieval_operations"": 3, ""retry_count"": 0, ""search_queries"": """", ""submitted_answer"": ""UNKNOWN"", ""trace_excerpt"": ""perating lease liabilities (324,500) (303,914) (297,513) Other assets and liabilities (7,731) 12,392 (783) Net cash provided by operating activities 1,481,915 1,059,265 810,355 Investing activities Proceeds from short-term investments 110,000 Capital expenditures (312,126) (172,187) (151,866) Acquisitions, net of cash acquired (1,220) [2] Company: Ulta Beauty Document: ULTABEAUTY_2023_10K Document type: 10k Period: 2023 Model output: Ulta Beauty did not report any acquisitions in FY2023 or FY2022. The \""Acquisitions, net of cash acquired\"" line item in the Consolidated Statements of Cash Flows shows a value of (1,220) in thousands for FY2021, but no values for FY2023 or FY2022. Answer: UNKNOWN"", ""trace_sha256"": ""sha256:d6d7938787099066714fd34b2d5b1f938f06fe86f5552dab26777df233ec0652""}","{""actions"": ""1: Search[Ulta Beauty acquisitions FY2023 FY2022] | 2: Lookup[Acquisitions, net of cash acquired] | 3: Finish[In FY2023, Ulta Beauty had no acquisitions. In FY2022, Ulta Beauty had acquisitions, net of cash acquired, totaling $(1,220) thousand.]"", ""calls"": 3, ""retrieval_operations"": 2, ""retry_count"": 0, ""search_queries"": """", ""submitted_answer"": ""In FY2023, Ulta Beauty had no acquisitions. In FY2022, Ulta Beauty had acquisitions, net of cash acquired, totaling $(1,220) thousand."", ""trace_excerpt"": ""ught 2: The search results show a 10-K filing for Ulta Beauty. I need to examine this document for information on acquisitions. Specifically, I will look for \""Acquisitions, net of cash acquired\"" in the Consolidated Statements of Cash Flows for FY2023 and FY2022. Action 2: Lookup[Acquisitions, net of cash acquired] Observation 2: (Result 1 / 1) Acquisitions, net of cash acquired Thought 3: The relevant section from the 10-K document shows \""Acquisitions, net of cash acquired\"" for FY2023 and FY2022. Action 3: Finish[In FY2023, Ulta Beauty had no acquisitions. In FY2022, Ulta Beauty had acquisitions, net of cash acquired, totaling $(1,220) thousand.] Observation 3: Episode finished, reward = 1.0"", ""trace_sha256"": ""sha256:52993031cbc8ca4e9434f513adfb30726de16cb17a4e49532bc8a7a880a1eda4""}",,,,,,,,,,,,,,,,,,,,,,financebench:financebench_id_00521
financebench,financebench_id_00566,No. Verizon's debt decreased by $229 million.,"{""actions"": """", ""calls"": 1, ""retrieval_operations"": 3, ""retry_count"": 0, ""search_queries"": """", ""submitted_answer"": ""No"", ""trace_excerpt"": ""% and 2.2% in 2022 and 2021, respectively) 1,732 1,325 Unamortized discount, net of premium (4,039) (4,922) Unamortized debt issuance costs (671) (688) Total long-term debt, including current maturities 150,489 150,868 Less long-term debt maturing within one year 9,813 7,443 Total long-term debt $ 140,676 $ 143,425 Long-term debt maturing within one year $ 9,813 $ 7,443 Add commercial paper 150 Debt maturing within one year 9,963 7,443 Add long-term debt 140,676 143,425 Total debt $ 150,639 $ 150,868 [2] Company: Verizon Document: VERIZON_2022_10K Document type: 10k Period: 2022 Model output: Verizon's total debt decreased from $150,868 million in 2021 to $150,639 million in 2022. Answer: No"", ""trace_sha256"": ""sha256:b765943a9516b6d0d88257e29cb385b55c93a2d753c3622050085898e54ac672""}","{""actions"": ""1: Search[\""Verizon debt on balance sheet 2022 vs 2021\""] | 2: Lookup[Total debt] | 3: Finish[Verizon's total debt decreased from $150,868 million in 2021 to $150,639 million in 2022. Therefore, Verizon did not increase its debt on the balance sheet between 2022 and the 2021 fiscal period; it decreased by $229 million.]"", ""calls"": 3, ""retrieval_operations"": 2, ""retry_count"": 0, ""search_queries"": """", ""submitted_answer"": ""Verizon's total debt decreased from $150,868 million in 2021 to $150,639 million in 2022. Therefore, Verizon did not increase its debt on the balance sheet between 2022 and the 2021 fiscal period; it decreased by $229 million."", ""trace_excerpt"": ""639 $ 150,868 [2] Company: Verizon Document: VERIZON_2022_10K Document type: 10k Period: 2022 Thought 2: The search results provide a detailed breakdown of Verizon's debt for 2022 and 2021. I need to extract the \""Total debt\"" for both years and compare them. Action 2: Lookup[Total debt] Observation 2: (Result 1 / 1) Total debt Thought 3: I have found the \""Total debt\"" for both years in the provided evidence. Action 3: Finish[Verizon's total debt decreased from $150,868 million in 2021 to $150,639 million in 2022. Therefore, Verizon did not increase its debt on the balance sheet between 2022 and the 2021 fiscal period; it decreased by $229 million.] Observation 3: Episode finished, reward = 1.0"", ""trace_sha256"": ""sha256:4e6c0835037536e27916b67566adde9815fb19eedb9e76c395d306b8f84c58fd""}",,,,,,,,,,,,,,,,,,,,,,financebench:financebench_id_00566
financebench,financebench_id_00723,Performance is not measured through operating margin,"{""actions"": """", ""calls"": 1, ""retrieval_operations"": 3, ""retry_count"": 0, ""search_queries"": """", ""submitted_answer"": ""No"", ""trace_excerpt"": "" For 2022: Pretax Income = $9,585 million Total Revenues Net of Interest Expense = $52,862 million Operating Margin = ($9,585 / $52,862) * 100 = 18.13% For 2021: Pretax Income = $10,689 million Total Revenues Net of Interest Expense = $42,380 million Operating Margin = ($10,689 / $42,380) * 100 = 25.22% For 2020: Pretax Income = $4,296 million Total Revenues Net of Interest Expense = $36,087 million Operating Margin = ($4,296 / $36,087) * 100 = 11.90% Comparing the operating margins: 2020: 11.90% 2021: 25.22% 2022: 18.13% The operating margin increased from 2020 to 2021 but decreased from 2021 to 2022. Therefore, AMEX does not have an improving operating margin profile as of 2022. Answer: No"", ""trace_sha256"": ""sha256:f37c82d7e6b800c91b978af6d9646be045c504cfbfab45666831219e63dc5045""}","{""actions"": ""1: Search[\""AMEX operating margin 2022\""] | 2: Finish[UNKNOWN]"", ""calls"": 2, ""retrieval_operations"": 1, ""retry_count"": 0, ""search_queries"": """", ""submitted_answer"": ""UNKNOWN"", ""trace_excerpt"": ""es net of interest expense = $42,380 million 2020: Pretax income = $4,296 million, Total revenues net of interest expense = $36,087 million Then I will compare the margins to see if there's an improving trend. I also need to consider if operating margin is a useful metric for AMEX. Given that AMEX is a financial services company with significant interest income and expense, \""Total revenues net of interest expense\"" is a more appropriate revenue base than just \""Total non-interest revenues\"" for calculating profitability ratios like operating margin. The \""Pretax income\"" is also a good proxy for operating income before taxes. Action 2: Finish[UNKNOWN] Observation 2: Episode finished, reward = 0.0"", ""trace_sha256"": ""sha256:b2954b09aa4e942142309c4eccac0831a017b27f14d3a243768c5eb8bb66c815""}",,,,,,,,,,,,,,,,,,,,,,financebench:financebench_id_00723
financebench,financebench_id_00724,Developed Rest of the World,"{""actions"": """", ""calls"": 1, ""retrieval_operations"": 3, ""retry_count"": 0, ""search_queries"": """", ""submitted_answer"": ""Developed Rest of World"", ""trace_excerpt"": "",305 5,034 (74) 3,778 8,320 (55) Emerging Markets 2,828 6,006 (53) 7,308 13,373 (45) Revenues $ 12,734 $ 27,742 (54) $ 31,015 $ 53,402 (42) [2] Company: Pfizer Document: Pfizer_2023Q2_10Q Document type: 10q Period: 2023 Model output: The question asks for the geographic region with the biggest drop in Q2 2023 year-over-year revenues on a percentage basis. From the provided evidence, we need to look at the \""Three Months Ended July 2, 2023\"" column and the \""% Change\"" for each geographic region. * United States: (45)% * Developed Europe: (56)% * Developed Rest of World: (74)% * Emerging Markets: (53)% Comparing these percentages, (74)% represents the biggest drop. Answer: Developed Rest of World"", ""trace_sha256"": ""sha256:cb23c248c18d5a065477819452621df4887dbd7205fab7d67b877f0df1c86ba1""}","{""actions"": ""1: Search[\""Pfizer Q2 2023 revenue by geographic region\""] | 2: Lookup[Pfizer_2023Q2_10Q] | 3: Finish[Developed Rest of World with a (74)% drop.]"", ""calls"": 3, ""retrieval_operations"": 2, ""retry_count"": 0, ""search_queries"": """", ""submitted_answer"": ""Developed Rest of World with a (74)% drop."", ""trace_excerpt"": ""nt type: 10q Period: 2023 Thought 2: The search results provide a table with revenues by geographic area for Pfizer, including the percentage change for the three months ended July 2, 2023, compared to July 3, 2022. This is exactly what I need for Q2 2023 year-over-year. I will now extract the percentage changes for each region and identify the biggest drop. Action 2: Lookup[Pfizer_2023Q2_10Q] Observation 2: (Result 1 / 2) Evidence 1 (document: Pfizer_2023Q2_10Q, page: 37): Thought 3: The relevant data from the table for the three months ended July 2, 2023, compared to July 3, 2022, is: Action 3: Finish[Developed Rest of World with a (74)% drop.] Observation 3: Episode finished, reward = 1.0"", ""trace_sha256"": ""sha256:38584c2eb0646ae3737bbd9a6e7f283980369a16f4a91ae557f7ebe03630bb1b""}",,,,,,,,,,,,,,,,,,,,,,financebench:financebench_id_00724
financebench,financebench_id_00882,"Total amount Pepsico may borrow under unsecured revolving credit agreements = $8,400,000,000.","{""actions"": """", ""calls"": 1, ""retrieval_operations"": 3, ""retry_count"": 0, ""search_queries"": """", ""submitted_answer"": ""$4,200,000,000"", ""trace_excerpt"": "" effective termination date. Subject to certain conditions stated in the 2023 364 Day Credit Agreement, PepsiCo and its borrowing subsidiaries may borrow, prepay and reborrow amounts under the 2023 364 Day Credit Agreement at any time during the term of the 2023 364 Day Credit Agreement. Funds borrowed under the 2023 364 Day Credit ... [2] Company: PepsiCo Document: PEPSICO_2023_8K_dated-2023-05-30 Document type: 8k Period: 2023 Model output: On May 26, 2023, PepsiCo terminated a $3,800,000,000 unsecured revolving credit agreement and entered into a new $4,200,000,000 unsecured revolving credit agreement. The new agreement allows PepsiCo to borrow up to $4,200,000,000. Answer: $4,200,000,000"", ""trace_sha256"": ""sha256:acec31cf3092966a517588ee7a3046160f5a90a005297caf02282d966901ef6f""}","{""actions"": ""1: Search[\""Pepsico unsecured revolving credit agreements May 26 2023\""] | 2: Lookup[\""2023 364 Day Credit Agreement\""] | 3: Finish[As of May 26, 2023, PepsiCo may borrow up to $4,200,000,000 under its new 364-day unsecured revolving credit agreement.]"", ""calls"": 3, ""retrieval_operations"": 2, ""retry_count"": 0, ""search_queries"": """", ""submitted_answer"": ""As of May 26, 2023, PepsiCo may borrow up to $4,200,000,000 under its new 364-day unsecured revolving credit agreement."", ""trace_excerpt"": ""PepsiCo terminated one credit agreement and entered into a new one. I need to identify the amount available under the *new* agreement as of that date. Action 2: Lookup[\""2023 364 Day Credit Agreement\""] Observation 2: No passages containing '\""2023 364 Day Credit Agreement\""' found in current evidence. Thought 3: My apologies, I made a mistake in the previous step. I should have used the information from the provided evidence directly, rather than attempting a `Lookup` on a keyword that was already in the evidence. Action 3: Finish[As of May 26, 2023, PepsiCo may borrow up to $4,200,000,000 under its new 364-day unsecured revolving credit agreement.] Observation 3: Episode finished, reward = 0.0"", ""trace_sha256"": ""sha256:2e1553ce2ba9be9ba62abdd831eb8a3d5e1abb260518ae6661c6f714e06905df""}",,,,,,,,,,,,,,,,,,,,,,financebench:financebench_id_00882
financebench,financebench_id_01028,"United States, EMEA, APAC, and LACC","{""actions"": """", ""calls"": 1, ""retrieval_operations"": 3, ""retry_count"": 0, ""search_queries"": """", ""submitted_answer"": ""As of 2022, American Express primarily operates in the United States, EMEA, APAC, and LACC."", ""trace_excerpt"": ""s) United States EMEA APAC LACC Other Unallocated Consolidated 2022 Total revenues net of interest expense $ 41,396 $ 4,871 $ 3,835 $ 2,917 $ (157) $ 52,862 Pretax income (loss) from continuing operations 10,383 550 376 500 (2,224) 9,585 2021 Total revenues net of interest expense $ 33,103 $ 3,643 $ 3,418 $ 2,238 $ (22) $ 42,380 Pretax income (loss) from continuing operations 10,325 460 420 494 (1,010) 10,689 2020 Total revenues net of interest expense $ 28,263 $ 3,087 $ 3,271 $ 2,019 $ (553) $ 36,087 Pretax income (loss) from continuing operations 5,422 187 328 273 (1,914) 4,296 Model output: Answer: As of 2022, American Express primarily operates in the United States, EMEA, APAC, and LACC."", ""trace_sha256"": ""sha256:991214f8c8b325ef685149e7e1052479494c801f2c34536aa41d2071b32075dd""}","{""actions"": ""1: Search[\""American Express primary geographies 2022\""] | 2: Finish[The primary geographies that American Express operates in as of 2022 are United States, EMEA, APAC, and LACC.]"", ""calls"": 2, ""retrieval_operations"": 1, ""retry_count"": 0, ""search_queries"": """", ""submitted_answer"": ""The primary geographies that American Express operates in as of 2022 are United States, EMEA, APAC, and LACC."", ""trace_excerpt"": "",380 Pretax income (loss) from continuing operations 10,325 460 420 494 (1,010) 10,689 2020 Total revenues net of interest expense $ 28,263 $ 3,087 $ 3,271 $ 2,019 $ (553) $ 36,087 Pretax income (loss) from continuing operations 5,422 187 328 273 (1,914) 4,296 Thought 2: The search results provide a table from American Express's 2022 10K report, which lists \""United States\"", \""EMEA\"", \""APAC\"", and \""LACC\"" as geographical segments with associated revenues and pretax income. These appear to be the primary operating geographies. Action 2: Finish[The primary geographies that American Express operates in as of 2022 are United States, EMEA, APAC, and LACC.] Observation 2: Episode finished, reward = 1.0"", ""trace_sha256"": ""sha256:74918c09b7c73f632eae7687a6ea35849fc13fbb2e55ed2796af660f9c95c2dc""}",,,,,,,,,,,,,,,,,,,,,,financebench:financebench_id_01028
financebench,financebench_id_01346,The effective tax rate of Corning has changed from 20% in FY2021 to 23% in FY 2022.,"{""actions"": ""1: Search[\""Corning effective tax rate FY2021 FY2022\""] | 2: Lookup[Effective tax rate] | 3: Finish[The effective tax rate of Corning changed by 3% (23% - 20%) between FY2021 and FY2022.]"", ""calls"": 3, ""retrieval_operations"": 2, ""retry_count"": 0, ""search_queries"": """", ""submitted_answer"": ""The effective tax rate of Corning changed by 3% (23% - 20%) between FY2021 and FY2022."", ""trace_excerpt"": ""t income attributable to Corning Incorporated $ 1,316 $ 1,906 (31%) (as a % of net sales) 9% 14% Comprehensive income attributable to Corning Incorporated $ 661 $ 1,471 (55%) [2] Company: Corning Document: CORNING_2022_10K Document type: 10k Period: 2022 Thought 2: The search results provide the effective tax rates for Corning for both FY2021 and FY2022. Action 2: Lookup[Effective tax rate] Observation 2: (Result 1 / 1) Effective tax rate Thought 3: The effective tax rate for FY2022 is 23% and for FY2021 is 20%. I can now calculate the change. Action 3: Finish[The effective tax rate of Corning changed by 3% (23% - 20%) between FY2021 and FY2022.] Observation 3: Episode finished, reward = 1.0"", ""trace_sha256"": ""sha256:cbe73f6d3ac3689d2966b9182cd83cfc88e2c6b08d1a172ff28bf53677cca3ed""}","{""actions"": """", ""calls"": 1, ""retrieval_operations"": 3, ""retry_count"": 0, ""search_queries"": """", ""submitted_answer"": ""The effective tax rate of Corning increased by 3% between FY2021 and FY2022."", ""trace_excerpt"": "" sales) 7% 7% Translated earnings contract gain, net $ 351 $ 354 (1%) (as a % of net sales) 2% 3% Income before income taxes $ 1,797 $ 2,426 (26%) (as a % of net sales) 13% 17% Provision for income taxes $ (411) $ (491) 16% Effective tax rate 23% 20% Net income attributable to Corning Incorporated $ 1,316 $ 1,906 (31%) (as a % of net sales) 9% 14% Comprehensive income attributable to Corning Incorporated $ 661 $ 1,471 (55%) [2] Company: Corning Document: CORNING_2022_10K Document type: 10k Period: 2022 Model output: The effective tax rate of Corning changed from 20% in FY2021 to 23% in FY2022. 23% - 20% = 3% Answer: The effective tax rate of Corning increased by 3% between FY2021 and FY2022."", ""trace_sha256"": ""sha256:9b8464e14bdabba50885533ceb68f63e5310bd2ff386d74c2f65c3f625fedbe7""}",,,,,,,,,,,,,,,,,,,,,,financebench:financebench_id_01346
financebench,financebench_id_02416,"Trillium, Array, and Therachon","{""actions"": ""1: Search[\""companies acquired by Pfizer\""] | 2: Finish[Three main companies acquired by Pfizer mentioned in the 10K report are Trillium, Array, and Therachon.]"", ""calls"": 2, ""retrieval_operations"": 1, ""retry_count"": 0, ""search_queries"": """", ""submitted_answer"": ""Three main companies acquired by Pfizer mentioned in the 10K report are Trillium, Array, and Therachon."", ""trace_excerpt"": ""for Therachon was $322 million, which consisted of $317 million of cash and our previous $5 million investment in Therachon. In connection with this asset acquisition, we recorded a charge of $337 million in Research and development expenses. [3] Company: Pfizer Document: PFIZER_2021_10K Document type: 10k Period: 2021 Thought 2: The search results provide information about several acquisitions. I need to identify three distinct companies acquired by Pfizer. From the provided snippets, I can see Trillium, Array, and Therachon. Action 2: Finish[Three main companies acquired by Pfizer mentioned in the 10K report are Trillium, Array, and Therachon.] Observation 2: Episode finished, reward = 1.0"", ""trace_sha256"": ""sha256:b85a071955c83a189ebf59752d50deaeb1558f8b9897724a2c16666b62facc18""}","{""actions"": """", ""calls"": 1, ""retrieval_operations"": 2, ""retry_count"": 0, ""search_queries"": """", ""submitted_answer"": ""Trillium, Array, and Therachon"", ""trace_excerpt"": ""470 million contingent on the achievement of key milestones in the development and commercialization of the lead asset. We accounted for the transaction as an asset acquisition since the lead asset represented substantially all the fair value of the gross assets acquired. The total fair value of the consideration transferred for Therachon was $322 million, which consisted of $317 million of cash and our previous $5 million investment in Therachon. In connection with this asset acquisition, we recorded a charge of $337 million in Research and development expenses. [3] Company: Pfizer Document: PFIZER_2021_10K Document type: 10k Period: 2021 Model output: Answer: Trillium, Array, and Therachon"", ""trace_sha256"": ""sha256:3eb49162baefd82e43404765446dbc38485651dd05a4517eb0be793ea9c9abf8""}",,,,,,,,,,,,,,,,,,,,,,financebench:financebench_id_02416
financebench,financebench_id_03029,$1577.00,"{""actions"": ""1: Search[\""3M FY2018 cash flow statement capital expenditure\""] | 2: Lookup[\""Purchases of property, plant and equipment (PP&E)\""] | 3: Lookup[\""Purchases of property, plant and equipment (PP&E)\""] | 4: Finish[The FY2018 capital expenditure amount for 3M is 1,577 USD millions.]"", ""calls"": 4, ""retrieval_operations"": 3, ""retry_count"": 0, ""search_queries"": """", ""submitted_answer"": ""The FY2018 capital expenditure amount for 3M is 1,577 USD millions."", ""trace_excerpt"": ""ine item for capital expenditure for the year 2018. Action 3: Lookup[\""Purchases of property, plant and equipment (PP&E)\""] Observation 3: No passages containing '\""Purchases of property, plant and equipment (PP&E)\""' found in current evidence. Thought 4: My apologies, I am making a mistake in using the `Lookup` action. The `Lookup` action is used to inspect *currently selected* evidence, not to search within the evidence I've already seen. I have already found the relevant evidence in Observation 1. I need to extract the capital expenditure from the provided table. Action 4: Finish[The FY2018 capital expenditure amount for 3M is 1,577 USD millions.] Observation 4: Episode finished, reward = 1.0"", ""trace_sha256"": ""sha256:454a16f1494c8ff040a1baa4e23b28e5c92ad6ac1ececf373d80cb8629ef701e""}","{""actions"": """", ""calls"": 1, ""retrieval_operations"": 3, ""retry_count"": 0, ""search_queries"": """", ""submitted_answer"": ""1,577"", ""trace_excerpt"": ""ed 13 (2,023) (16) Purchases of marketable securities and investments (1,828) (2,152) (1,410) Proceeds from maturities and sale of marketable securities and investments 2,497 1,354 1,247 Proceeds from sale of businesses, net of cash sold 846 1,065 142 Other net 9 (6) (4) Net cash provided by (used in) investing activities 222 ... [2] Company: 3M Document: 3M_2018_10K Document type: 10k Period: 2018 Model output: The FY2018 capital expenditure amount for 3M was $1,577 million. This is found under \""Purchases of property, plant and equipment (PP&E)\"" in the Cash Flows from Investing Activities section of the consolidated statement of cash flows for the year ended December 31, 2018. Answer: 1,577"", ""trace_sha256"": ""sha256:a66ec2b40a50c869863c231b98dc48ecb8ee740afe83edd2168e41cc4ce18e9f""}",,,,,,,,,,,,,,,,,,,,,,financebench:financebench_id_03029
financebench,financebench_id_03031,$5818.00,"{""actions"": """", ""calls"": 1, ""retrieval_operations"": 3, ""retry_count"": 0, ""search_queries"": """", ""submitted_answer"": ""5,818 USD millions"", ""trace_excerpt"": ""otal equity 10,959 6,038 Total liabilities and equity $ 50,873 $ 50,710 The accompanying notes are an integral part of these consolidated financial statements. 68 [2] Company: Lockheed Martin Document: LOCKHEEDMARTIN_2021_10K Document type: 10k Period: 2021 Model output: Lockheed Martin's FY2021 net working capital is calculated as total current assets less total current liabilities. From the Consolidated Balance Sheets for December 31, 2021: Total current assets = $19,815 million Total current liabilities = $13,997 million Net Working Capital = Total Current Assets - Total Current Liabilities Net Working Capital = $19,815 million - $13,997 million = $5,818 million Answer: 5,818 USD millions"", ""trace_sha256"": ""sha256:99ef38da3a6226c2750a2c22b14bf27ead94de64e1f787361e4292db56fd988f""}","{""actions"": ""1: Search[\""Lockheed Martin FY2021 balance sheet\""] | 2: Lookup[Total current assets] | 3: Lookup[Total current liabilities] | 4: Search[\""Lockheed Martin FY2021 Total current assets\"" \""Lockheed Martin FY2021 Total current liabilities\""] | 5: Finish[Lockheed Martin's FY2021 net working capital is $5,818 million.]"", ""calls"": 5, ""retrieval_operations"": 4, ""retry_count"": 0, ""search_queries"": """", ""submitted_answer"": ""Lockheed Martin's FY2021 net working capital is $5,818 million."", ""trace_excerpt"": ""on stock, $1 par value per share 271 279 Additional paid-in capital 94 221 Retained earnings 21,600 21,636 Accumulated other comprehensive loss (11,006) (16,121) Total stockholders equity 10,959 6,015 Noncontrolling interests in subsidiary 23 Total equity 10,959 6,038 Total liabilities and equity $ 50,873 $ 50,710 The accompanying notes are an integral part of these consolidated financial statements. 68 [2] Company: Lockheed Martin Document: LOCKHEEDMARTIN_2021_10K Document type: 10k Period: 2021 Thought 5: From the Consolidated Balance Sheets for December 31, 2021: Action 5: Finish[Lockheed Martin's FY2021 net working capital is $5,818 million.] Observation 5: Episode finished, reward = 1.0"", ""trace_sha256"": ""sha256:0ed201f08882599e334c6af1d457416c8493ac60d9d4a3af3d03df9b9923d363""}",,,,,,,,,,,,,,,,,,,,,,financebench:financebench_id_03031
financebench,financebench_id_03473,0.01,"{""actions"": ""1: Search[\""Coca Cola FY2017 net income\""] | 2: Lookup[\""FY2017 net income\""] | 3: Finish[\""The FY2017 return on assets (ROA) for Coca Cola is 1.42%. This is calculated as: $1,248 million (FY2017 net income) / (($87,270 million (FY2016 total assets) + $87,896 million (FY2017 total assets)) / 2) = 0.0142499... which rounds to 1.42%.\""]"", ""calls"": 3, ""retrieval_operations"": 2, ""retry_count"": 0, ""search_queries"": """", ""submitted_answer"": ""\""The FY2017 return on assets (ROA) for Coca Cola is 1.42%. This is calculated as: $1,248 million (FY2017 net income) / (($87,270 million (FY2016 total assets) + $87,896 million (FY2017 total assets)) / 2) = 0.0142499... which rounds to 1.42%.\"""", ""trace_excerpt"": ""ments. Now I need to extract the specific values for FY2017 net income, FY2017 total assets, and FY2016 total assets. Action 2: Lookup[\""FY2017 net income\""] Observation 2: No passages containing '\""FY2017 net income\""' found in current evidence. Thought 3: The previous action failed because \""FY2017 net income\"" is not a keyword to lookup. I need to extract the value from the provided evidence. Action 3: Finish[\""The FY2017 return on assets (ROA) for Coca Cola is 1.42%. This is calculated as: $1,248 million (FY2017 net income) / (($87,270 million (FY2016 total assets) + $87,896 million (FY2017 total assets)) / 2) = 0.0142499... which rounds to 1.42%.\""] Observation 3: Episode finished, reward = 1.0"", ""trace_sha256"": ""sha256:95e014ee058515585cfce61a1e97f90a646ab3cfe991193a27393beec05751ec""}","{""actions"": """", ""calls"": 1, ""retrieval_operations"": 3, ""retry_count"": 0, ""search_queries"": """", ""submitted_answer"": ""0.01"", ""trace_excerpt"": "" 53 AVERAGE SHARES OUTSTANDING DILUTED 4,324 4,367 4,405 1 Calculated based on net income from continuing operations less net income from ... [3] Company: Coca-Cola Document: COCACOLA_2017_10K Document type: 10k Period: 2017 Model output: FY2017 Net Income = $1,283 million (Evidence 1) Total Assets (FY2017) = $87,896 million (Evidence 2) Total Assets (FY2016) = $87,270 million (Evidence 2) Average Total Assets = (Total Assets (FY2017) + Total Assets (FY2016)) / 2 Average Total Assets = ($87,896 million + $87,270 million) / 2 = $87,583 million ROA = FY2017 Net Income / Average Total Assets ROA = $1,283 million / $87,583 million = 0.014649 Rounded to two decimal places, ROA = 0.01 Answer: 0.01"", ""trace_sha256"": ""sha256:c08ebff53577032c6b35fdd5add2280702929c36e16cefbbf091486f7f7a0c7f""}",,,,,,,,,,,,,,,,,,,,,,financebench:financebench_id_03473
financebench,financebench_id_03620,$9068.00,"{""actions"": ""1: Search[\""PepsiCo FY2022 income statement operating income\""] | 2: Lookup[\""Operating Profit\""] | 3: Finish[The FY2022 unadjusted EBITDA less capex for PepsiCo is $9,068 million.]"", ""calls"": 3, ""retrieval_operations"": 2, ""retry_count"": 0, ""search_queries"": """", ""submitted_answer"": ""The FY2022 unadjusted EBITDA less capex for PepsiCo is $9,068 million."", ""trace_excerpt"": ""... [3] Company: PepsiCo Document: PEPSICO_2022_10K Document type: 10k Period: 2022 Thought 2: I have found the operating profit from the income statement and depreciation and amortization from the cash flow statement for FY2022. I also need capital spending from the cash flow statement. Action 2: Lookup[\""Operating Profit\""] Observation 2: No passages containing '\""Operating Profit\""' found in current evidence. Thought 3: I made a mistake in the previous step. I already have the operating profit from the income statement. I need to extract the values for FY2022. Action 3: Finish[The FY2022 unadjusted EBITDA less capex for PepsiCo is $9,068 million.] Observation 3: Episode finished, reward = 1.0"", ""trace_sha256"": ""sha256:e92f1841deb35b773f0a206c839228bc5d2cb9465e58963e5fc54f649d77892c""}","{""actions"": """", ""calls"": 1, ""retrieval_operations"": 3, ""retry_count"": 0, ""search_queries"": """", ""submitted_answer"": ""9,068 USD millions"", ""trace_excerpt"": ""calculate unadjusted EBITDA: Unadjusted Operating Income (FY2022) = $11,512 million (from Income Statement [2]) Depreciation and Amortization (FY2022) = $2,763 million (from Cash Flow Statement [1]) Unadjusted EBITDA = Unadjusted Operating Income + Depreciation and Amortization Unadjusted EBITDA = $11,512 million + $2,763 million = $14,275 million Next, identify Capital Spending (capex) for FY2022: Capital spending (FY2022) = $5,207 million (from Cash Flow Statement [1]) Finally, calculate unadjusted EBITDA less capex: Unadjusted EBITDA less Capex = Unadjusted EBITDA - Capital spending Unadjusted EBITDA less Capex = $14,275 million - $5,207 million = $9,068 million Answer: 9,068 USD millions"", ""trace_sha256"": ""sha256:d1dd38a246a2d86dc53d40bd453d2554c777daccb4f2ebc6b6dc0721608ac637""}",,,,,,,,,,,,,,,,,,,,,,financebench:financebench_id_03620
financebench,financebench_id_04700,$32780.00,"{""actions"": ""1: Search[\""Microsoft FY2016 statement of income\""] | 2: Lookup[Cost of revenue] | 3: Lookup[Total cost of revenue] | 4: Finish[The FY2016 COGS for Microsoft is $32,780 million.]"", ""calls"": 4, ""retrieval_operations"": 3, ""retry_count"": 0, ""search_queries"": """", ""submitted_answer"": ""The FY2016 COGS for Microsoft is $32,780 million."", ""trace_excerpt"": ""tion 2: Lookup[Cost of revenue] Observation 2: (Result 1 / 2) Cost of revenue: Thought 3: The lookup action was not specific enough. I need to find the \""Total cost of revenue\"" for the year 2016 from the provided income statement. Action 3: Lookup[Total cost of revenue] Observation 3: (Result 1 / 1) Total cost of revenue Thought 4: The lookup for \""Total cost of revenue\"" was successful. From the provided income statement, under the \""Year Ended June 30,\"" column for \""2016\"", the \""Total cost of revenue\"" is 32,780. The table specifies amounts are \""In millions, except per share amounts\"". Action 4: Finish[The FY2016 COGS for Microsoft is $32,780 million.] Observation 4: Episode finished, reward = 1.0"", ""trace_sha256"": ""sha256:cddfe2c38e4af4db6c5eb72c53bd27ec4f85e4aed359be8241b9f47b2fff399c""}","{""actions"": """", ""calls"": 1, ""retrieval_operations"": 3, ""retry_count"": 0, ""search_queries"": """", ""submitted_answer"": ""32,780 USD millions"", ""trace_excerpt"": "" 15,811 General and administrative 4,563 4,611 4,677 Impairment, integration, and restructuring 1,110 10,011 127 Operating income 20,182 18,161 27,759 Other income (expense), net (431) 346 61 Income before income taxes 19,751 18,507 27,820 Provision for income taxes 2,953 6,314 5,746 Net income $ 16,798 $ 12,193 $ 22,074 Earnings per share: Basic $ 2.12 $ 1.49 $ 2.66 Diluted $ 2.10 $ 1.48 $ 2.63 Weighted average shares outstanding: Basic 7,925 8,177 8,299 Diluted 8,013 8,254 8,399 Cash dividends declared per common share $ 1.44 $ 1.24 $ 1.12 See accompanying notes. 52 [2] Company: Microsoft Document: MICROSOFT_2016_10K Document type: 10k Period: 2016 Model output: Answer: 32,780 USD millions"", ""trace_sha256"": ""sha256:4bea5794f6ad1cc4db4a7d08f25cde6aadad927ed96e7ec67dd6ff491d77c3c2""}",,,,,,,,,,,,,,,,,,,,,,financebench:financebench_id_04700
finqa,finqa110,0.04741,"{""actions"": """", ""calls"": 1, ""retrieval_operations"": 3, ""retry_count"": 0, ""search_queries"": """", ""submitted_answer"": ""4.74%"", ""trace_excerpt"": "" more than offset volume growth from agricultural and energy shipments . our fuel surcharge programs ( excluding index-based contract escalators that contain some provision for fuel ) generated $ 2.3 billion in freight revenues during 2008 . fuel surcharge revenue is not comparable to prior periods due to the implementation of new mileage-based fuel surcharge programs beginning in april 2007 for regulated traffic . as previously disclosed in our 2006 annual report on form 10-k , the stb . [4] Dataset: finqa Source ID: finqa110 Model output: In 2008, Other Revenues were $852 million and Total Operating Revenues were $17,970 million. ($852 million / $17,970 million) * 100 = 4.74% Answer: 4.74%"", ""trace_sha256"": ""sha256:458ee7af67f8e113e2ba3f196eac2faeebf50e6ce4453b0a8eb8a5f8ac454d5f""}","{""actions"": ""1: Search[\""2008 total operating revenues other revenues\""] | 2: Finish[UNKNOWN]"", ""calls"": 2, ""retrieval_operations"": 1, ""retry_count"": 0, ""search_queries"": """", ""submitted_answer"": ""UNKNOWN"", ""trace_excerpt"": ""ucts , and chemical shipments , which more than offset volume growth from agricultural and energy shipments . our fuel surcharge programs ( excluding index-based contract escalators that contain some provision for fuel ) generated $ 2.3 billion in freight revenues during 2008 . fuel surcharge revenue is not comparable to prior periods due to the implementation of new mileage-based fuel surcharge programs beginning in april 2007 for regulated traffic . as previously disclosed in our 2006 annual report on form 10-k , the stb . [4] Dataset: finqa Source ID: finqa110 Thought 2: I have found the relevant data in Evidence 1.1. Action 2: Finish[UNKNOWN] Observation 2: Episode finished, reward = 0.0"", ""trace_sha256"": ""sha256:d7bff06fba7b12ccc8adffffc1a0ec8f45ea56887ad4021d5238d34a326e6ee1""}",,,,,,,,,,,,,,,,,,,,,,finqa:finqa110
finqa,finqa152,0.09884,"{""actions"": """", ""calls"": 1, ""retrieval_operations"": 3, ""retry_count"": 0, ""search_queries"": """", ""submitted_answer"": ""9.88%"", ""trace_excerpt"": ""the use of unobservable inputs ( level 3 ) . we also use market data or assumptions that we believe market participants would use in pricing an asset or liability , including assumptions about risk when appropriate. . [4] Dataset: finqa Source ID: finqa152 Model output: The aggregate fair values of outstanding fuel hedges were $34.4 million in 2014 and $37.8 million in 2015 (Evidence 1.1, 1.2). Percentage growth = ((Fair value in 2015 - Fair value in 2014) / Fair value in 2014) * 100 Percentage growth = (($37.8 million - $34.4 million) / $34.4 million) * 100 Percentage growth = ($3.4 million / $34.4 million) * 100 Percentage growth = 0.0988372093 * 100 Percentage growth = 9.88% Answer: 9.88%"", ""trace_sha256"": ""sha256:f7fdafe9906823d4eed304a6cf62d6a0a1d8e0db56e1581cb57b4bd4d2b8b78e""}","{""actions"": ""1: Search[\""fuel hedge fair value\""] | 2: Finish[9.88372093%]"", ""calls"": 2, ""retrieval_operations"": 1, ""retry_count"": 0, ""search_queries"": """", ""submitted_answer"": ""9.88372093%"", ""trace_excerpt"": ""14 and 2013 , respectively . no amount was recognized in other comprehensive income for 2015 . fair value measurements in measuring fair values of assets and liabilities , we use valuation techniques that maximize the use of observable inputs ( level 1 ) and minimize the use of unobservable inputs ( level 3 ) . we also use market data or assumptions that we believe market participants would use in pricing an asset or liability , including assumptions about risk when appropriate. . [4] Dataset: finqa Source ID: finqa152 Thought 2: The search results provide the fair values of outstanding fuel hedges for 2014 and 2015. Action 2: Finish[9.88372093%] Observation 2: Episode finished, reward = 1.0"", ""trace_sha256"": ""sha256:2f3c0d8477bff7feb97be11521ad97d9484282b5eb6b8464c3b8590991015a67""}",,,,,,,,,,,,,,,,,,,,,,finqa:finqa152
finqa,finqa202,0.01981,"{""actions"": ""1: Search[\""amortization expense 2008 2009\""] | 2: Lookup[\""amortization expense\""] | 3: Search[\""amortization expense 2008 2009\""] | 4: Finish[-1.88%]"", ""calls"": 4, ""retrieval_operations"": 3, ""retry_count"": 0, ""search_queries"": """", ""submitted_answer"": ""-1.88%"", ""trace_excerpt"": ""ed by the company , as the fair value interest rate at the date of the loan was determined to be 14.25% ( 14.25 % ) . the loan was amended effective january 1 , 2003 to increase the original interest rate to 13.11% ( 13.11 % ) . as of december 31 , 2004 , and 2003 , approximately $ 119.8 million undiscounted ( $ 108.2 million discounted ) under the loan was outstanding and included in notes receivable and other long-term assets in the accompanying consolidated balance sheets . the term of the loan is seventy years ; however , the loan may be prepaid by tv . Thought 4: I have found the relevant information in Evidence 1.2. Action 4: Finish[-1.88%] Observation 4: Episode finished, reward = 0.0"", ""trace_sha256"": ""sha256:67245e37325cf9416a5b57cb5dc3654b39464906bbc059ec728208baca6e7541""}","{""actions"": """", ""calls"": 1, ""retrieval_operations"": 3, ""retry_count"": 0, ""search_queries"": """", ""submitted_answer"": ""-1.878%"", ""trace_excerpt"": ""iscounted ) under the loan was outstanding and included in notes receivable and other long-term assets in the accompanying consolidated balance sheets . the term of the loan is seventy years ; however , the loan may be prepaid by tv . Model output: The amortization expense for 2008 was $90.5 million. The amortization expense for 2009 was $88.8 million. Percentage change = ((Amortization expense in 2009 - Amortization expense in 2008) / Amortization expense in 2008) * 100 Percentage change = (($88.8 million - $90.5 million) / $90.5 million) * 100 Percentage change = (-$1.7 million / $90.5 million) * 100 Percentage change = -0.01878453038674033 * 100 Percentage change = -1.878% Answer: -1.878%"", ""trace_sha256"": ""sha256:cd1735ef3528254dae6c10be318f7c4cc5958704d520a5101f69845ecfa60b88""}",,,,,,,,,,,,,,,,,,,,,,finqa:finqa202
finqa,finqa386,1.71179,"{""actions"": """", ""calls"": 1, ""retrieval_operations"": 3, ""retry_count"": 0, ""search_queries"": """", ""submitted_answer"": ""1.7117"", ""trace_excerpt"": ""ebt ) ; fffd permit the continued commercial operation of grand gulf 1 ; fffd pay in full all system energy indebtedness for borrowed money when due ; and fffd enable system energy to make payments on specific system energy debt , under supplements to the agreement assigning system energy's rights in the agreement as security for the specific debt. . [4] Dataset: finqa Source ID: finqa386 Model output: The annual cash sinking fund requirements for debt outstanding as of December 31, 2002, for 2004 was $925,005 thousand and for 2005 was $540,372 thousand (Evidence 1.1). To find the ratio of the 2004 requirements to the 2005 requirements, we calculate: 925,005 / 540,372 = 1.7117 Answer: 1.7117"", ""trace_sha256"": ""sha256:766c449d26870324bfc41df74fcff03b4ebb88a46f3b930efcd3a40bb55a34a8""}","{""actions"": ""1: Search[\""annual cash sinking fund requirements debt outstanding 2002\""] | 2: Lookup[annual cash sinking fund requirements] | 3: Lookup[2004] | 4: Finish[1.71179]"", ""calls"": 4, ""retrieval_operations"": 3, ""retry_count"": 0, ""search_queries"": """", ""submitted_answer"": ""1.71179"", ""trace_excerpt"": ""( in thousands ) : . Thought 3: I have found the relevant data in Evidence 1.1. I need to extract the annual cash sinking fund requirements for 2004 and 2005 from the table provided. Action 3: Lookup[2004] Observation 3: (Result 1 / 1) |2003|$ 1150786| |2004|$ 925005| |2005|$ 540372| |2006|$ 139952| |2007|$ 475288| not included are other sinking fund requirements of approximately $ 30.2 million annually , which may be satisfied by cash or by certification of property additions at the rate of 167% ( 167 % ) of such requirements . Thought 4: I have the annual cash sinking fund requirements for 2004 and 2005 from the table. Action 4: Finish[1.71179] Observation 4: Episode finished, reward = 1.0"", ""trace_sha256"": ""sha256:fde5878e80892e5350ab777e6a3bca90dae2f0808266bdc04099491d3a47e986""}",,,,,,,,,,,,,,,,,,,,,,finqa:finqa386
finqa,finqa392,858775.15119,"{""actions"": ""1: Search[\""average number of shares per registered holder as of February 11, 2011\""] | 2: Lookup[Evidence 1.1] | 3: Finish[UNKNOWN]"", ""calls"": 3, ""retrieval_operations"": 2, ""retry_count"": 0, ""search_queries"": """", ""submitted_answer"": ""UNKNOWN"", ""trace_excerpt"": ""nder the caption 201cmanagement 2019s discussion and analysis of financial condition and results of operations 2014liquidity and capital resources 2014factors affecting sources of liquidity 201d and note 6 to our consolidated financial statements included in this annual report. . Thought 2: The search results provide the number of outstanding shares and registered holders as of February 11, 2011. I can use these values to calculate the average number of shares per registered holder. Action 2: Lookup[Evidence 1.1] Observation 2: (Result 1 / 1) Evidence 1.1: Thought 3: I have found the relevant information in Evidence 1.1. Action 3: Finish[UNKNOWN] Observation 3: Episode finished, reward = 0.0"", ""trace_sha256"": ""sha256:fd245f2b3881db4169fab636a39646d46cd202286d23d6a45a34dbbf842b22cc""}","{""actions"": """", ""calls"": 1, ""retrieval_operations"": 3, ""retry_count"": 0, ""search_queries"": """", ""submitted_answer"": ""858775.15"", ""trace_excerpt"": ""n contain covenants that generally restrict our ability to pay dividends unless certain financial covenants are satisfied . for more information about the restrictions under the loan agreement for the revolving credit facility and term loan , our notes indentures and the loan agreement related to our securitization , see item 7 of this annual report under the caption 201cmanagement 2019s discussion and analysis of financial condition and results of operations 2014liquidity and capital resources 2014factors affecting sources of liquidity 201d and note 6 to our consolidated financial statements included in this annual report. . Model output: 397612895 / 463 = 858775.151187905 Answer: 858775.15"", ""trace_sha256"": ""sha256:e6da9dae19f8fb96c6b7eb090adc2181311f67dcadc8b5a83abaa6ce478c2542""}",,,,,,,,,,,,,,,,,,,,,,finqa:finqa392
finqa,finqa515,-8683.0,"{""actions"": ""1: Search[\""interest rate hedges\""] | 2: Lookup[\""interest rate hedges\""] | 3: Lookup[3] | 4: Lookup[3] | 5: Lookup[3] | 6: Finish[-8683 million]"", ""calls"": 6, ""retrieval_operations"": 5, ""retry_count"": 0, ""search_queries"": """", ""submitted_answer"": ""-8683 million"", ""trace_excerpt"": ""ld have referred to the specific evidence number where the table is located. I will now re-examine the search results to correctly extract the data. Action 5: Lookup[3] Observation 5: (Result 3 / 3) |$ in millions|year ended december 2014|year ended december 2013|year ended december 2012| |interest rate hedges|$ 1936|$ -8683 ( 8683 )|$ -2383 ( 2383 )| |hedged borrowings and bank deposits|-2451 ( 2451 )|6999|665| |hedge ineffectiveness|$ -515 ( 515 )|$ -1684 ( 1684 )|$ -1718 ( 1718 )| 134 goldman sachs 2014 annual report . Thought 6: The table in Evidence 1.3 provides the following values for \""interest rate hedges\"": Action 6: Finish[-8683 million] Observation 6: Episode finished, reward = 1.0"", ""trace_sha256"": ""sha256:f44be8e200d931d2eabced721008c3d848c46415b41c50219cd1d065ff97457d""}","{""actions"": """", ""calls"": 1, ""retrieval_operations"": 3, ""retry_count"": 0, ""search_queries"": """", ""submitted_answer"": ""-8683"", ""trace_excerpt"": ""tive is no longer designated as a hedge , any remaining difference between the carrying value and par value of the hedged item is amortized to interest expense over the remaining life of the hedged item using the effective interest method . see note 23 for further information about interest income and interest expense . the table below presents the gains/ ( losses ) from interest rate derivatives accounted for as hedges , the related hedged borrowings and bank deposits , and the hedge ineffectiveness on these derivatives , which primarily consists of amortization of prepaid credit spreads resulting from the passage of time. . [4] Dataset: finqa Source ID: finqa515 Model output: Answer: -8683"", ""trace_sha256"": ""sha256:9164391538e42f8fb084fa4b96927eec8d5e4f53155019370ce0d312529fbf91""}",,,,,,,,,,,,,,,,,,,,,,finqa:finqa515
finqa,finqa532,-0.21053,"{""actions"": """", ""calls"": 1, ""retrieval_operations"": 3, ""retry_count"": 0, ""search_queries"": """", ""submitted_answer"": ""-21.05%"", ""trace_excerpt"": ""ing $ 345 million in principal amount of outstanding term loans . as of december 31 , 2017 , $ 15 million in letters of credit were issued but undrawn , and the remaining $ 1235 million of the revolving credit facility was unutilized . [4] Dataset: finqa Source ID: finqa532 Model output: The unamortized debt issuance costs associated with the senior notes were $19 million in 2016 and $15 million in 2017 (Evidence 1.3). Percentage change = ((Value in 2017 - Value in 2016) / Value in 2016) * 100 Percentage change = (($15 million - $19 million) / $19 million) * 100 Percentage change = (-$4 million / $19 million) * 100 Percentage change = -0.2105 * 100 Percentage change = -21.05% Answer: -21.05%"", ""trace_sha256"": ""sha256:a95f3d26443e6fb3dec1a307ec6739c81d53074939e835797bff77c9a40a262d""}","{""actions"": ""1: Search[\""unamortized debt issuance costs senior notes\""] | 2: Finish[-21.052631578%]"", ""calls"": 2, ""retrieval_operations"": 1, ""retry_count"": 0, ""search_queries"": """", ""submitted_answer"": ""-21.052631578%"", ""trace_excerpt"": ""ries , except those that are specifically designated as unrestricted subsidiaries , are and will be guarantors under the credit facility . in july 2015 , the company used cash on hand to repay all amounts outstanding under a prior credit facility , including $ 345 million in principal amount of outstanding term loans . as of december 31 , 2017 , $ 15 million in letters of credit were issued but undrawn , and the remaining $ 1235 million of the revolving credit facility was unutilized . [4] Dataset: finqa Source ID: finqa532 Thought 2: The search results provide the unamortized debt issuance costs for senior notes. Action 2: Finish[-21.052631578%] Observation 2: Episode finished, reward = 1.0"", ""trace_sha256"": ""sha256:ca7c2a6001040cbad410abcec5bfb09addcde30b5e3c553ac842117964f08e33""}",,,,,,,,,,,,,,,,,,,,,,finqa:finqa532
finqa,finqa534,0.15465,"{""actions"": """", ""calls"": 1, ""retrieval_operations"": 2, ""retry_count"": 0, ""search_queries"": """", ""submitted_answer"": ""15.47%"", ""trace_excerpt"": ""56000 , $ 823000 and $ 821000 for the fiscal years ended march 31 , 2002 , 2003 and 2004 , respectively . during the fiscal year ended march 31 , 2000 , the company entered into 36-month operating leases totaling approximately $ 644000 for the lease of office furniture . these leases ended in fiscal year 2003 and at the company 2019s option the furniture was purchased . [4] Dataset: finqa Source ID: finqa534 Model output: Total future minimum lease payments = $4578 (in thousands) Payments after 5 years (i.e., \""thereafter\"") = $708 (in thousands) Percentage = (Payments after 5 years / Total future minimum lease payments) * 100 Percentage = (708 / 4578) * 100 = 15.465270860594145 Answer: 15.47%"", ""trace_sha256"": ""sha256:5e8e125bf189969ca50ee3a86515a7d42ba4c3f46aed44edf2646194b7c28377""}","{""actions"": ""1: Search[\""future minimum lease payments\""] | 2: Lookup[\""future minimum lease payments\""] | 3: Finish[UNKNOWN]"", ""calls"": 3, ""retrieval_operations"": 2, ""retry_count"": 0, ""search_queries"": """", ""submitted_answer"": ""UNKNOWN"", ""trace_excerpt"": ""at the company 2019s option the furniture was purchased . [4] Dataset: finqa Source ID: finqa534 Thought 2: I have found the relevant information in Evidence 1.3. I need to extract the \""total future minimum lease payments\"" and the payments \""thereafter\"" (which represents payments due after 5 years). Then I will perform the calculation. Action 2: Lookup[\""future minimum lease payments\""] Observation 2: No passages containing '\""future minimum lease payments\""' found in current evidence. Thought 3: My apologies, I made a mistake in the previous step. I should have used the information directly from the evidence I already found. Action 3: Finish[UNKNOWN] Observation 3: Episode finished, reward = 0.0"", ""trace_sha256"": ""sha256:e141f9105b15e80abb44fcf6c78715dbfad3acd20ae38b499f26fb63b7aecfb0""}",,,,,,,,,,,,,,,,,,,,,,finqa:finqa534
finqa,finqa764,0.45455,"{""actions"": ""1: Search[\""expected annual dividends per share 2005 2007\""] | 2: Lookup[expected annual dividends per share] | 3: Finish[UNKNOWN]"", ""calls"": 3, ""retrieval_operations"": 2, ""retry_count"": 0, ""search_queries"": """", ""submitted_answer"": ""UNKNOWN"", ""trace_excerpt"": ""Lookup[expected annual dividends per share] Observation 2: (Result 1 / 1) ||2007|2006|2005| |weighted average exercise price per share|$ 60.94|$ 37.84|$ 25.14| |expected annual dividends per share|$ 0.96|$ 0.80|$ 0.66| |expected life in years|5.0|5.1|5.5| |expected volatility|27% ( 27 % )|28% ( 28 % )|28% ( 28 % )| |risk-free interest rate|4.1% ( 4.1 % )|5.0% ( 5.0 % )|3.8% ( 3.8 % )| |weighted average grant date fair value of stock option awards granted|$ 17.24|$ 10.19|$ 6.15| . Thought 3: From the table, the expected annual dividends per share for 2007 is $0.96 and for 2005 is $0.66. I need to calculate the difference. Action 3: Finish[UNKNOWN] Observation 3: Episode finished, reward = 0.0"", ""trace_sha256"": ""sha256:14667faacc1b73d07358b75c41bb2e3cce6bdc72e1fa112a57a6510265cfb64a""}","{""actions"": """", ""calls"": 1, ""retrieval_operations"": 3, ""retry_count"": 0, ""search_queries"": """", ""submitted_answer"": ""$0.30"", ""trace_excerpt"": ""ck-settled sars and others were granted in tandem with stock options . in general , sars granted under the 2003 plan vest ratably over a three-year period and have a maximum term of ten years from the date they are granted . stock-based performance awards 2013 prior to 2005 , marathon granted stock-based performance awards under the 2003 plan . no stock-based performance awards have been granted under the 2007 plan . Model output: The expected annual dividends per share in 2005 was $0.66. The expected annual dividends per share in 2007 was $0.96. Increase = Expected annual dividends per share in 2007 - Expected annual dividends per share in 2005 Increase = $0.96 - $0.66 = $0.30 Answer: $0.30"", ""trace_sha256"": ""sha256:fc8c9c96b91436df3e0bf763962dff1cf0b290ff0e0a2f47359cfc50a4e5535e""}",,,,,,,,,,,,,,,,,,,,,,finqa:finqa764
finqa,finqa88,-0.39896,"{""actions"": ""1: Search[\""credit net 2016 2017\""] | 2: Finish[-39.8961661341853%]"", ""calls"": 2, ""retrieval_operations"": 1, ""retry_count"": 0, ""search_queries"": """", ""submitted_answer"": ""-39.8961661341853%"", ""trace_excerpt"": ""ces . for example , volatility of equity indices is generally lower than volatility of single stocks . 2030 credit spreads , upfront credit points and recovery rates . the ranges for credit spreads , upfront credit points and recovery rates cover a variety of underliers ( index and single names ) , regions , sectors , maturities and credit qualities ( high-yield and investment-grade ) . the broad range of this population gives rise to the width of the ranges of significant unobservable inputs . 130 goldman sachs 2017 form 10-k . Thought 2: I have found the credit net values for 2016 and 2017 from Evidence 1.2. Action 2: Finish[-39.8961661341853%] Observation 2: Episode finished, reward = 1.0"", ""trace_sha256"": ""sha256:d73cd9d4be7c386cb6ac9563204f299a44603171d25022504d1b1393a126eb67""}","{""actions"": """", ""calls"": 1, ""retrieval_operations"": 3, ""retry_count"": 0, ""search_queries"": """", ""submitted_answer"": ""-39.90%"", ""trace_excerpt"": ""t credit points and recovery rates cover a variety of underliers ( index and single names ) , regions , sectors , maturities and credit qualities ( high-yield and investment-grade ) . the broad range of this population gives rise to the width of the ranges of significant unobservable inputs . 130 goldman sachs 2017 form 10-k . Model output: The credit net in 2017 was $1505 million. The credit net in 2016 was $2504 million. Percentage change = ((Credit net in 2017 - Credit net in 2016) / Credit net in 2016) * 100 Percentage change = (($1505 - $2504) / $2504) * 100 Percentage change = (-$999 / $2504) * 100 Percentage change = -0.398961661341853 * 100 Percentage change = -39.90% Answer: -39.90%"", ""trace_sha256"": ""sha256:19172ab503cda5506b67cdff2332385864c7903a4fcf3ca7648c5c56311b16d4""}",,,,,,,,,,,,,,,,,,,,,,finqa:finqa88
tatqa,1eb127e42e0d7aa90d3aea0eb58fc69a,9.7,"{""actions"": """", ""calls"": 1, ""retrieval_operations"": 3, ""retry_count"": 0, ""search_queries"": """", ""submitted_answer"": ""$9.7M"", ""trace_excerpt"": "" continued The Group’s revenue is diversified across its entire end customer base and no single end user accounted for greater than 10 per cent of the Group’s revenue in either 2018 or 2019. In 2019 two distributors accounted for 15 per cent each, and one distributor for 11 per cent of Group billings which were attributable to all segments of the Group (2018: three distributors accounted for 15 per cent, 14 per cent and 12 per cent each). [3] Dataset: tatqa Source ID: 1eb127e42e0d7aa90d3aea0eb58fc69a Model output: The revenue from external customers from UK in 2019 was $83.2M. The revenue from external customers from UK in 2018 was $73.5M. Change in revenue = 83.2 - 73.5 = 9.7. Answer: $9.7M"", ""trace_sha256"": ""sha256:5a5d58705356338b8e0758dc200713c057b39be1c85fef18688d0677082995ab""}","{""actions"": ""1: Search[\""revenue external customers UK 2018 2019\""] | 2: Lookup[\""UK\""] | 3: Lookup[\""83.2\""] | 4: Lookup[\""UK\""] | 5: Finish[$9.7 M]"", ""calls"": 5, ""retrieval_operations"": 4, ""retry_count"": 0, ""search_queries"": """", ""submitted_answer"": ""$9.7 M"", ""trace_excerpt"": "" extract the UK revenue for 2019 and 2018 from the table. Action 3: Lookup[\""83.2\""] Observation 3: No passages containing '\""83.2\""' found in current evidence. Thought 4: My apologies, I am still making mistakes. I need to be more precise. I have the table in Evidence 1. I need to extract the value for \""UK\"" under \""Year-ended 31 March 2019\"" and \""Year-ended 31 March 2018\"". Action 4: Lookup[\""UK\""] Observation 4: No passages containing '\""UK\""' found in current evidence. Thought 5: I am still struggling to extract the data correctly. I need to look at the table in Evidence 1 and identify the values for UK revenue for 2019 and 2018. Action 5: Finish[$9.7 M] Observation 5: Episode finished, reward = 1.0"", ""trace_sha256"": ""sha256:68bd66ce0b65b3555cfe736ea61accb3f3856a208f36e3bb25ce34681b8c7432""}",,,,,,,,,,,,,,,,,,,,,,tatqa:1eb127e42e0d7aa90d3aea0eb58fc69a
tatqa,25978230d70cd8e677358c8cc4d69f5c,over 50 countries,"{""actions"": ""1: Search[\""number of countries content distribution\""] | 2: Lookup[\""Evidence 2\""] | 3: Finish[over 50 countries]"", ""calls"": 3, ""retrieval_operations"": 2, ""retry_count"": 0, ""search_queries"": """", ""submitted_answer"": ""over 50 countries"", ""trace_excerpt"": "" | | | Hindi films | 7 | 1 | 3 Regional films (excluding Tamil films) | — | — | — Tamil films | — | — | 12 India Only | | | Hindi films | 1 | 3 | 1 Regional films (excluding Tamil films) | 5 | 6 | 5 Tamil films | — | 0 | 1 Total | 72 | 24 | 45 Thought 2: The search results provide relevant information in Evidence 2. I need to extract the specific number of countries. Action 2: Lookup[\""Evidence 2\""] Observation 2: No passages containing '\""Evidence 2\""' found in current evidence. Thought 3: I have found the answer in Observation 1, specifically in Evidence 2. It states, \""We distribute content in over 50 countries\"". Action 3: Finish[over 50 countries] Observation 3: Episode finished, reward = 1.0"", ""trace_sha256"": ""sha256:006459ba0e408cdc654ac170ba5b08d980cc9066f045f81bfc2d2fc89eb9d70b""}","{""actions"": """", ""calls"": 1, ""retrieval_operations"": 2, ""retry_count"": 0, ""search_queries"": """", ""submitted_answer"": ""The company distributes content in over 50 countries."", ""trace_excerpt"": ""directors and prominent figures within the Indian film industry and distribution arena. [2] Dataset: tatqa Source ID: 25978230d70cd8e677358c8cc4d69f5c [3] Evidence 1: Table: | | Year ended March 31, | | 2019 | 2018 | 2017 Global (India and International) | | | Hindi films | 7 | 10 | 8 Regional films (excluding Tamil films) | 49 | 3 | 12 Tamil films | 3 | 1 | 3 International Only | | | Hindi films | 7 | 1 | 3 Regional films (excluding Tamil films) | — | — | — Tamil films | — | — | 12 India Only | | | Hindi films | 1 | 3 | 1 Regional films (excluding Tamil films) | 5 | 6 | 5 Tamil films | — | 0 | 1 Total | 72 | 24 | 45 Model output: Answer: The company distributes content in over 50 countries."", ""trace_sha256"": ""sha256:7650ba923e543ed5d8dfb77db526598000513266a3fd17f45ff57bac80e8c1cb""}",,,,,,,,,,,,,,,,,,,,,,tatqa:25978230d70cd8e677358c8cc4d69f5c
tatqa,368a3ea86c6cce6be5197600a8e492e6,26.82,"{""actions"": """", ""calls"": 1, ""retrieval_operations"": 3, ""retry_count"": 0, ""search_queries"": """", ""submitted_answer"": ""26.82%"", ""trace_excerpt"": ""ntly believes that because the Company has a history of losses, it is more likely than not that the deferred tax regarding the loss carryforward and other temporary differences will not be realized in the foreseeable future. [3] Dataset: tatqa Source ID: 368a3ea86c6cce6be5197600a8e492e6 Model output: The operating loss carryforward in 2018 was 57,768 (U.S. $ in thousands). The operating loss carryforward in 2019 was 73,260 (U.S. $ in thousands). Percentage change = ((Value in 2019 - Value in 2018) / Value in 2018) * 100 Percentage change = ((73,260 - 57,768) / 57,768) * 100 Percentage change = (15,492 / 57,768) * 100 Percentage change = 0.26818 * 100 Percentage change = 26.82% Answer: 26.82%"", ""trace_sha256"": ""sha256:b2e98d46ffceaba9649b8c0e21bf86fb07abf1834e9ecd78ff0150144ecd5c56""}","{""actions"": ""1: Search[\""operating loss carryforward 2018 2019\""] | 2: Finish[((73260 - 57768) / 57768) * 100 = 26.81%]"", ""calls"": 2, ""retrieval_operations"": 1, ""retry_count"": 0, ""search_queries"": """", ""submitted_answer"": ""((73260 - 57768) / 57768) * 100 = 26.81%"", ""trace_excerpt"": ""ompany has provided a full valuation allowances of $19,911 in respect of deferred tax assets resulting from tax loss carryforward and other temporary differences. Management currently believes that because the Company has a history of losses, it is more likely than not that the deferred tax regarding the loss carryforward and other temporary differences will not be realized in the foreseeable future. [3] Dataset: tatqa Source ID: 368a3ea86c6cce6be5197600a8e492e6 Thought 2: The operating loss carryforward for 2019 is 73,260 and for 2018 is 57,768. I can now calculate the percentage change. Action 2: Finish[((73260 - 57768) / 57768) * 100 = 26.81%] Observation 2: Episode finished, reward = 1.0"", ""trace_sha256"": ""sha256:b469c6ff1d8338c084607a21f5e4908ca38595407644df0c442096b9f28c2df9""}",,,,,,,,,,,,,,,,,,,,,,tatqa:368a3ea86c6cce6be5197600a8e492e6
tatqa,475eae0efee24cef567f489b0f06e592,-3,"{""actions"": """", ""calls"": 1, ""retrieval_operations"": 3, ""retry_count"": 0, ""search_queries"": """", ""submitted_answer"": ""-$3 million"", ""trace_excerpt"": ""8 Less: Imputed interest | (279) | (9) Total lease liabilities(1) | $855 | $59 [2] Evidence 2: Paragraphs: The following represents VMware’s future minimum lease payments under non-cancellable operating and finance leases as of January 31, 2020 (table in millions): (1) Total lease liabilities as of January 31, 2020 excluded legally binding lease payments for leases signed but not yet commenced of $361 million. [3] Dataset: tatqa Source ID: 475eae0efee24cef567f489b0f06e592 Model output: Operating Leases in 2021: $138 million Operating Leases in 2022: $135 million Change = Operating Leases in 2022 - Operating Leases in 2021 Change = $135 million - $138 million = -$3 million Answer: -$3 million"", ""trace_sha256"": ""sha256:c7c36244b5edf32d01eb7f1c4d9842ce6b8155ca3ae4300e6fa1b11ce442ad14""}","{""actions"": ""1: Search[\""operating leases\""] | 2: Lookup[\""Operating Leases\""] | 3: Finish[The change in operating leases between 2021 and 2022 is $135 - $138 = -$3.]"", ""calls"": 3, ""retrieval_operations"": 2, ""retry_count"": 0, ""search_queries"": """", ""submitted_answer"": ""The change in operating leases between 2021 and 2022 is $135 - $138 = -$3."", ""trace_excerpt"": ""h results provide a table with \""Operating Leases\"" values for different years. I need to extract the values for 2021 and 2022 from this table.Action 2: Lookup[\""Operating Leases\""] Action 2: Lookup[\""Operating Leases\""] Observation 2: No passages containing '\""Operating Leases\""' found in current evidence. Thought 3: I have the operating lease values for 2021 and 2022 from Evidence 1. Operating Leases 2021: $138 Operating Leases 2022: $135 Now I will calculate the change.Action 3: Finish[The change in operating leases between 2021 and 2022 is $135 - $138 = -$3.] Action 3: Finish[The change in operating leases between 2021 and 2022 is $135 - $138 = -$3.] Observation 3: Episode finished, reward = 1.0"", ""trace_sha256"": ""sha256:6aaa28c627226e7f91a789924687fbfbb94b81c32727b2ec541cd530f156d387""}",,,,,,,,,,,,,,,,,,,,,,tatqa:475eae0efee24cef567f489b0f06e592
tatqa,64eb28ae3c08547e6d2200bd3589ee37,67669,"{""actions"": ""1: Search[\""revenues\""] | 2: Lookup[Revenues] | 3: Finish[$67,669 (in thousands)]"", ""calls"": 3, ""retrieval_operations"": 2, ""retry_count"": 0, ""search_queries"": """", ""submitted_answer"": ""$67,669 (in thousands)"", ""trace_excerpt"": "" marketing expenses, offset partially by a $1.2 million increase in member acquisition costs. [3] Dataset: tatqa Source ID: 64eb28ae3c08547e6d2200bd3589ee37 Thought 2: The search results provide the revenues for 2018 and 2019 in Evidence 1. I can now extract these values and calculate the average. Action 2: Lookup[Revenues] Observation 2: (Result 1 / 2) Table: | Year Ended December 31, | | 2019 | 2018 (In thousands) | | Revenues | $68,024 | $67,314 Income from operations | $12,491 | $9,587 Income from operations as a % of revenues | 18% | 14% Thought 3: I have the revenues for 2018 and 2019 from the table. Action 3: Finish[$67,669 (in thousands)] Observation 3: Episode finished, reward = 1.0"", ""trace_sha256"": ""sha256:2ae70c6afab92835d30e0da34444a6a07c4783ec08538a6fe33b86823327ceb8""}","{""actions"": """", ""calls"": 1, ""retrieval_operations"": 3, ""retry_count"": 0, ""search_queries"": """", ""submitted_answer"": ""$67,669 thousand"", ""trace_excerpt"": ""enses, a $584,000 decrease in customer service costs and a $498,000 decrease in trade and brand marketing expenses, offset partially by a $1.2 million increase in member acquisition costs. [2] Evidence 1: Table: | Year Ended December 31, | | 2019 | 2018 (In thousands) | | Revenues | $68,024 | $67,314 Income from operations | $12,491 | $9,587 Income from operations as a % of revenues | 18% | 14% [3] Dataset: tatqa Source ID: 64eb28ae3c08547e6d2200bd3589ee37 Model output: Revenues for 2019: $68,024 thousand Revenues for 2018: $67,314 thousand Average = (Revenues for 2019 + Revenues for 2018) / 2 Average = ($68,024 + $67,314) / 2 Average = $135,338 / 2 Average = $67,669 Answer: $67,669 thousand"", ""trace_sha256"": ""sha256:648dbcf9c7f8c7ae3cf9b09897f2eae5219aa56116653f5b0fb58efc096dc9a1""}",,,,,,,,,,,,,,,,,,,,,,tatqa:64eb28ae3c08547e6d2200bd3589ee37
tatqa,7c27ebc8ac884cda4febb9f399d296e0,$539,"{""actions"": """", ""calls"": 1, ""retrieval_operations"": 3, ""retry_count"": 0, ""search_queries"": """", ""submitted_answer"": ""$539 million"", ""trace_excerpt"": ""ormance of our business because it enables an analysis of performance based on the timing of actual transactions with our customers and provides more timely indication of trends in our operating results. Net bookings is the net amount of products and services sold digitally or sold-in physically in the period, and includes license fees, merchandise, and publisher incentives, among others. Net bookings is equal to net revenues excluding the impact from deferrals. In-game net bookings primarily includes the net amount of downloadable content and microtransactions sold during the period, and is equal to in-game net revenues excluding the impact from deferrals. Model output: Answer: $539 million"", ""trace_sha256"": ""sha256:25190ce995147b287a974bdee2e8172ca826790c24d7e08e056bdb66868d378b""}","{""actions"": ""1: Search[\""Blizzard in-game net bookings 2018 2019\""] | 2: Finish[The decrease in Blizzard in-game net bookings for 2019, as compared to 2018, was $539 million.]"", ""calls"": 2, ""retrieval_operations"": 1, ""retry_count"": 0, ""search_queries"": """", ""submitted_answer"": ""The decrease in Blizzard in-game net bookings for 2019, as compared to 2018, was $539 million."", ""trace_excerpt"": ""license fees, merchandise, and publisher incentives, among others. Net bookings is equal to net revenues excluding the impact from deferrals. In-game net bookings primarily includes the net amount of downloadable content and microtransactions sold during the period, and is equal to in-game net revenues excluding the impact from deferrals. Thought 2: The search results directly provide the decrease in Blizzard in-game net bookings for 2019 compared to 2018. Evidence 2.3 states: \""a $539 million decrease in Blizzard in-game net bookings\"". Action 2: Finish[The decrease in Blizzard in-game net bookings for 2019, as compared to 2018, was $539 million.] Observation 2: Episode finished, reward = 1.0"", ""trace_sha256"": ""sha256:3e144738ad1cd8219e00d92b0149be7cda3a05b2aeb4611a74e2ae9394eae933""}",,,,,,,,,,,,,,,,,,,,,,tatqa:7c27ebc8ac884cda4febb9f399d296e0
tatqa,935015b20dd8cfd9a24826afbcfbf42b,87.04,"{""actions"": """", ""calls"": 1, ""retrieval_operations"": 3, ""retry_count"": 0, ""search_queries"": """", ""submitted_answer"": ""-87.0%"", ""trace_excerpt"": ""odwill impairment charge of $1.9 million in the fourth quarter of 2019, reducing the goodwill balance to zero at that time. We also recorded a goodwill impairment charge of $14.7 million in the third quarter of 2018. Refer to Note 2 and Note 6 of the accompanying consolidated financial statements for additional information on these goodwill impairment charges. [3] Dataset: tatqa Source ID: 935015b20dd8cfd9a24826afbcfbf42b Model output: The goodwill impairment in 2018 was $14,740 thousand. The goodwill impairment in 2019 was $1,910 thousand. The change in goodwill impairment is $1,910 - $14,740 = $(12,830) thousand. The percentage change is ($(12,830) / $14,740) * 100 = -87.0%. Answer: -87.0%"", ""trace_sha256"": ""sha256:14e261e5b1163a668e2d17468d7b51c7a2cf8dfba8c97f2399d49253133b533d""}","{""actions"": ""1: Search[\""goodwill impairment 2018 2019\""] | 2: Finish[The change in goodwill impairment between 2018 and 2019 is -$12,830 thousand. As a percentage of the 2018 goodwill impairment, this is (-12830 / 14740) * 100% = -87.04206241519674%.]"", ""calls"": 2, ""retrieval_operations"": 1, ""retry_count"": 0, ""search_queries"": """", ""submitted_answer"": ""The change in goodwill impairment between 2018 and 2019 is -$12,830 thousand. As a percentage of the 2018 goodwill impairment, this is (-12830 / 14740) * 100% = -87.04206241519674%."", ""trace_excerpt"": ""lso recorded a goodwill impairment charge of $14.7 million in the third quarter of 2018. Refer to Note 2 and Note 6 of the accompanying consolidated financial statements for additional information on these goodwill impairment charges. [3] Dataset: tatqa Source ID: 935015b20dd8cfd9a24826afbcfbf42b Thought 2: The search results provide the goodwill impairment for both 2018 and 2019. I can now extract these values and perform the necessary calculations. Action 2: Finish[The change in goodwill impairment between 2018 and 2019 is -$12,830 thousand. As a percentage of the 2018 goodwill impairment, this is (-12830 / 14740) * 100% = -87.04206241519674%.] Observation 2: Episode finished, reward = 1.0"", ""trace_sha256"": ""sha256:7318a2135e31a1c4c048e4ca77f6187c4750833f627ae289ce9fca0bfd65593c""}",,,,,,,,,,,,,,,,,,,,,,tatqa:935015b20dd8cfd9a24826afbcfbf42b
tatqa,95e8a0028dbced02c7f28c79c62bb281,735.6,"{""actions"": """", ""calls"": 1, ""retrieval_operations"": 3, ""retry_count"": 0, ""search_queries"": """", ""submitted_answer"": ""$735.6 million"", ""trace_excerpt"": ""eturn of 4.1%, based on our weighted average cost of capital of 9.0%, and fiscal 2018 ROIC of 16.1% reflects an Economic Return of 6.6%, based on our weighted average cost of capital of 9.5% for that fiscal year. For a reconciliation of ROIC, Economic Return and adjusted operating income (tax effected) to our financial statements that were prepared using GAAP, see Exhibit 99.1 to this annual report on Form 10-K, which exhibit is incorporated herein by reference. Refer to the table below, which includes the calculation of ROIC and Economic Return (dollars in millions) for the indicated periods: [4] Dataset: tatqa Source ID: 95e8a0028dbced02c7f28c79c62bb281 Model output: Answer: $735.6 million"", ""trace_sha256"": ""sha256:b4a08daddbc2efceaf40c7467b533d1dc9dce1567882a027e49fa717179842c4""}","{""actions"": ""1: Search[\""invested capital 2018\""] | 2: Lookup[Average invested capital] | 3: Finish[$735.6]"", ""calls"": 3, ""retrieval_operations"": 2, ""retry_count"": 0, ""search_queries"": """", ""submitted_answer"": ""$735.6"", ""trace_excerpt"": ""ation of ROIC and Economic Return (dollars in millions) for the indicated periods: [4] Dataset: tatqa Source ID: 95e8a0028dbced02c7f28c79c62bb281 Thought 2: The search results provide a table with \""Average invested capital\"" for 2018. I can directly extract this value. Action 2: Lookup[Average invested capital] Observation 2: (Result 1 / 2) Table: | 2019 | 2018 Adjusted operating income (tax effected) | $120.7 | $118.6 Average invested capital | 923.1 | $735.6 After-tax ROIC | 13.1% | 16.1% WACC | 9.0% | 9.5% Economic Return | 4.1% | 6.6% Thought 3: The table clearly shows the \""Average invested capital\"" for 2018 as $735.6. Action 3: Finish[$735.6] Observation 3: Episode finished, reward = 1.0"", ""trace_sha256"": ""sha256:df6df7dab9d3b8849516e466e5389d1c50a2825f4735dc87e7dd250328891a78""}",,,,,,,,,,,,,,,,,,,,,,tatqa:95e8a0028dbced02c7f28c79c62bb281
tatqa,b42eb76932f8c9fb874f7ce384a3c2de,-94,"{""actions"": ""1: Search[\""Appliances spending 2019 2018\""] | 2: Lookup[\""Appliances\""] | 3: Finish[The change in the amount for Appliances in 2019 from 2018 is $680 million - $774 million = -$94 million.]"", ""calls"": 3, ""retrieval_operations"": 2, ""retry_count"": 0, ""search_queries"": """", ""submitted_answer"": ""The change in the amount for Appliances in 2019 from 2018 is $680 million - $774 million = -$94 million."", ""trace_excerpt"": "" internal management reporting and may be revised periodically as management deems necessary. Thought 2: The search results provide a table with the spending on Appliances for 2019 and 2018. I can now extract these values and calculate the change. Action 2: Lookup[\""Appliances\""] Observation 2: No passages containing '\""Appliances\""' found in current evidence. Thought 3: The previous lookup failed because I was trying to lookup a keyword that was already in the evidence I had. I need to extract the values from the table directly. Action 3: Finish[The change in the amount for Appliances in 2019 from 2018 is $680 million - $774 million = -$94 million.] Observation 3: Episode finished, reward = 1.0"", ""trace_sha256"": ""sha256:01a3040033e7067ef5a859c1d6d2b4a5ac7d42f42e0e2290c52f793ad299bce8""}","{""actions"": """", ""calls"": 1, ""retrieval_operations"": 3, ""retry_count"": 0, ""search_queries"": """", ""submitted_answer"": ""-$94 million"", ""trace_excerpt"": ""ations Solutions: | | | Data and devices | 993 | 1,068 | 963 Appliances | 680 | 774 | 676 Total Communications Solutions | 1,673 | 1,842 | 1,639 Total | $ 13,448 | $ 13,988 | $ 12,185 [2] Dataset: tatqa Source ID: b42eb76932f8c9fb874f7ce384a3c2de [3] Evidence 2: Paragraphs: Net sales by segment and industry end market(1) were as follows: (1) Industry end market information is presented consistently with our internal management reporting and may be revised periodically as management deems necessary. Model output: The amount for Appliances in 2019 was $680 million. The amount for Appliances in 2018 was $774 million. The change is $680 million - $774 million = -$94 million. Answer: -$94 million"", ""trace_sha256"": ""sha256:7919a04780d8f375662b9424cf792ca33e8f1da7c1250606ac4758a836318517""}",,,,,,,,,,,,,,,,,,,,,,tatqa:b42eb76932f8c9fb874f7ce384a3c2de
tatqa,c418d4ec256c02dcc14d4e495d77778f,the effective transition of the external audit process from PwC to Deloitte,"{""actions"": """", ""calls"": 1, ""retrieval_operations"": 3, ""retry_count"": 0, ""search_queries"": """", ""submitted_answer"": ""The effective transition of the external audit process from PwC to Deloitte."", ""trace_excerpt"": ""veness As part of the Board evaluation process, the effectiveness of the Audit Committee was reviewed and this confirmed that the Committee remained effective at meeting its objectives. Steve Barber Chairman of the Audit Committee 12 March 2020 [4] Evidence 1: Table: | 2019 | 2018 | 2017 | £000 | £000 | £000 Audit fees | 1,092 | 823 | 789 Non-audit fees | 598 | 281 | 49 Total fees paid to auditor | 1,690 | 1,104 | 838 Ratio of non-audit fees to audit fees | 55% | 34% | 6% Model output: A key focus for the Audit Committee in 2019 was the effective transition of the external audit process from PwC to Deloitte. Answer: The effective transition of the external audit process from PwC to Deloitte."", ""trace_sha256"": ""sha256:a89ea1c623535a3c4ca68740b063dfe422f93ba40fdee459a483c430a7ec9fdd""}","{""actions"": ""1: Search[\""Audit Committee 2019 focus\""] | 2: Lookup[Evidence 2.1] | 3: Finish[A key area of focus for the Audit Committee in 2019 was the effective transition of the external audit process from PwC to Deloitte.]"", ""calls"": 3, ""retrieval_operations"": 2, ""retry_count"": 0, ""search_queries"": """", ""submitted_answer"": ""A key area of focus for the Audit Committee in 2019 was the effective transition of the external audit process from PwC to Deloitte."", ""trace_excerpt"": ""fees paid to auditor | 1,690 | 1,104 | 838 Ratio of non-audit fees to audit fees | 55% | 34% | 6% Thought 2: The search results provide direct information about the Audit Committee's focus in 2019. Evidence 2.1 explicitly states a key area of focus. Action 2: Lookup[Evidence 2.1] Observation 2: (Result 1 / 1) Evidence 2.1: Thought 3: Evidence 2.1 clearly states that \""A key area of focus for the Audit Committee in 2019 was the effective transition of the external audit process from PwC to Deloitte.\"" Action 3: Finish[A key area of focus for the Audit Committee in 2019 was the effective transition of the external audit process from PwC to Deloitte.] Observation 3: Episode finished, reward = 1.0"", ""trace_sha256"": ""sha256:ba46207b4bc1958b3b44a0093225883ced4050e5d817663ded6c457523564d19""}",,,,,,,,,,,,,,,,,,,,,,tatqa:c418d4ec256c02dcc14d4e495d77778f
tatqa,c888300a8c8cca2c3e0f08ffa3c6b5f7,"the Audit Committee will reconsider whether to retain KPMG, and may appoint that firm or another without resubmitting the matter to the shareholders","{""actions"": """", ""calls"": 1, ""retrieval_operations"": 2, ""retry_count"": 0, ""search_queries"": """", ""submitted_answer"": ""If the shareholders fail to vote on an advisory basis in favor of the appointment, the Audit Committee will reconsider whether to retain KPMG, and may appoint that firm or another without resubmitting the matter to the shareholders."", ""trace_excerpt"": ""n 2018 and approximately $100,000 in 2019). The Audit Committee maintains written procedures that require it to annually review and pre-approve the scope of all services to be performed by our independent auditor. Model output: If the shareholders fail to vote on an advisory basis in favor of the appointment, the Audit Committee will reconsider whether to retain KPMG and may appoint that firm or another without resubmitting the matter to the shareholders. Answer: If the shareholders fail to vote on an advisory basis in favor of the appointment, the Audit Committee will reconsider whether to retain KPMG, and may appoint that firm or another without resubmitting the matter to the shareholders."", ""trace_sha256"": ""sha256:8237cbaa24ed2f8d1214369848266e63cf5d872c7167c6b1fbd0c7523c793dd7""}","{""actions"": ""1: Search[\""shareholders fail to vote advisory appointment consequences\""] | 2: Lookup[Evidence 2.2] | 3: Finish[If the shareholders fail to vote on an advisory basis in favor of the appointment, the Audit Committee will reconsider whether to retain KPMG, and may appoint that firm or another without resubmitting the matter to the shareholders.]"", ""calls"": 3, ""retrieval_operations"": 2, ""retry_count"": 0, ""search_queries"": """", ""submitted_answer"": ""If the shareholders fail to vote on an advisory basis in favor of the appointment, the Audit Committee will reconsider whether to retain KPMG, and may appoint that firm or another without resubmitting the matter to the shareholders."", ""trace_excerpt"": ""in Evidence 2.2. Action 2: Lookup[Evidence 2.2] Observation 2: (Result 1 / 1) Evidence 2.2: Thought 3: The relevant sentence states: \""If the shareholders fail to vote on an advisory basis in favor of the appointment, the Audit Committee will reconsider whether to retain KPMG, and may appoint that firm or another without resubmitting the matter to the shareholders.\"" This directly answers the question. Action 3: Finish[If the shareholders fail to vote on an advisory basis in favor of the appointment, the Audit Committee will reconsider whether to retain KPMG, and may appoint that firm or another without resubmitting the matter to the shareholders.] Observation 3: Episode finished, reward = 1.0"", ""trace_sha256"": ""sha256:b455fa50748604aa59e0ad9f3153bf07c953e2855644854b7910777fd22bca97""}",,,,,,,,,,,,,,,,,,,,,,tatqa:c888300a8c8cca2c3e0f08ffa3c6b5f7
tatqa,db3301d09c419606702f36f44f7652d4,"1,945,391","{""actions"": ""1: Search[\""Teekay Corporation Consolidated revenues 2019\""] | 2: Lookup[\""Teekay Corporation Consolidated\""] | 3: Finish[1,945,391]"", ""calls"": 3, ""retrieval_operations"": 2, ""retry_count"": 0, ""search_queries"": """", ""submitted_answer"": ""1,945,391"", ""trace_excerpt"": ""oration in 2019. I can find this in Evidence 1, under the row \""Teekay Corporation Consolidated\"" and column \""2019\"" for \""Revenues\"".Action 2: Lookup[\""Teekay Corporation Consolidated\""] Action 2: Lookup[\""Teekay Corporation Consolidated\""] Observation 2: No passages containing '\""Teekay Corporation Consolidated\""' found in current evidence. Thought 3: My apologies, I made a mistake in the previous step. I should have directly extracted the value from the table in Evidence 1, as the `Lookup` action is for inspecting *currently selected* evidence, not for searching within it. I have already identified the relevant row and column. Action 3: Finish[1,945,391] Observation 3: Episode finished, reward = 1.0"", ""trace_sha256"": ""sha256:f3b938dff842e44e64363d02b01b53b91d04eee39597ec089948850d3fa1fdef""}","{""actions"": """", ""calls"": 1, ""retrieval_operations"": 3, ""retry_count"": 0, ""search_queries"": """", ""submitted_answer"": ""1,945,391 (in thousands of U.S. dollars)"", ""trace_excerpt"": "", and for Teekay Parent, and (b) reconciles these amounts to our consolidated financial statements. (1) During 2019, Teekay Tankers' ship-to-ship transfer business provided operational and maintenance services to Teekay LNG Bahrain Operations L.L.C., an entity wholly-owned by Teekay LNG, for the LNG receiving and regasification terminal in Bahrain. Also during 2019, the Magellan Spirit LNG carrier was chartered by Teekay LNG to Teekay Parent for a short period of time. During 2018, Teekay Parent chartered in two LNG carriers from Teekay LNG until March and April 2018. [3] Dataset: tatqa Source ID: db3301d09c419606702f36f44f7652d4 Model output: Answer: 1,945,391 (in thousands of U.S. dollars)"", ""trace_sha256"": ""sha256:56d85fde8f09925e3110870ffb05f2faa20310171e43579858bb686453bb9deb""}",,,,,,,,,,,,,,,,,,,,,,tatqa:db3301d09c419606702f36f44f7652d4
tatqa,e26cd3d746da1785bbc08023485f83f2,"Operating activities, Investing activities, Financing activities","{""actions"": """", ""calls"": 1, ""retrieval_operations"": 2, ""retry_count"": 0, ""search_queries"": """", ""submitted_answer"": ""Net cash provided by operating activities, net cash used in investing activities, and net cash provided by financing activities."", ""trace_excerpt"": ""tnership’s Series A Preference Units’’) in 2017 and an increase of $20.6 million from payments during 2017 for CCS termination. The above movements were partially offset by a decrease of $81.1 million in proceeds from GasLog Partners’ common unit offerings and an increase of $57.0 million in dividend payments. [4] Dataset: tatqa Source ID: e26cd3d746da1785bbc08023485f83f2 Model output: The components of net cash flows recorded are: * Net cash provided by operating activities * Net cash used in investing activities * Net cash provided by financing activities Answer: Net cash provided by operating activities, net cash used in investing activities, and net cash provided by financing activities."", ""trace_sha256"": ""sha256:413464399debb2d65596accf859e45355765bebbf3ba2586430f6490f3a91555""}","{""actions"": ""1: Search[\""net cash flows components\""] | 2: Finish[\""The components of net cash flows are net cash flows from operating activities, net cash flows from investing activities, and net cash flows from financing activities.\""]"", ""calls"": 2, ""retrieval_operations"": 1, ""retry_count"": 0, ""search_queries"": """", ""submitted_answer"": ""\""The components of net cash flows are net cash flows from operating activities, net cash flows from investing activities, and net cash flows from financing activities.\"""", ""trace_excerpt"": "" partially offset by a decrease of $81.1 million in proceeds from GasLog Partners’ common unit offerings and an increase of $57.0 million in dividend payments. [4] Dataset: tatqa Source ID: e26cd3d746da1785bbc08023485f83f2 Thought 2: The search results clearly indicate the components of net cash flows. Evidence 2.1 and 1 both list \""Net Cash Provided By Operating Activities\"", \""Net Cash Used In Investing Activities\"", and \""Net Cash Provided By Financing Activities\"". Action 2: Finish[\""The components of net cash flows are net cash flows from operating activities, net cash flows from investing activities, and net cash flows from financing activities.\""] Observation 2: Episode finished, reward = 1.0"", ""trace_sha256"": ""sha256:3fa3eab6c5ca8c8d9a5027b567c877dc1b399eb4003cfd11de37a9eeac0e246f""}",,,,,,,,,,,,,,,,,,,,,,tatqa:e26cd3d746da1785bbc08023485f83f2
tatqa,e7ee9654a4faf700a3839ef377a1381d,32.69,"{""actions"": ""1: Search[\""audit fees\""] | 2: Lookup[Audit fees] | 3: Finish[The percentage change in audit fees from 2018 to 2019 is 32.69%.]"", ""calls"": 3, ""retrieval_operations"": 2, ""retry_count"": 0, ""search_queries"": """", ""submitted_answer"": ""The percentage change in audit fees from 2018 to 2019 is 32.69%."", ""trace_excerpt"": ""ilored to the fact that it is Deloitte’s first year as intu’s external auditor. Thought 2: The search results provide a table with audit fees for 2019 and 2018. I can extract these values and then calculate the percentage change. Action 2: Lookup[Audit fees] Observation 2: (Result 1 / 3) Table: | 2019 | 2018 | 2017 | £000 | £000 | £000 Audit fees | 1,092 | 823 | 789 Non-audit fees | 598 | 281 | 49 Total fees paid to auditor | 1,690 | 1,104 | 838 Ratio of non-audit fees to audit fees | 55% | 34% | 6% Thought 3: I have the audit fees for 2019 and 2018 from the table. Action 3: Finish[The percentage change in audit fees from 2018 to 2019 is 32.69%.] Observation 3: Episode finished, reward = 1.0"", ""trace_sha256"": ""sha256:bdcc8e16d1d7c325c0c5c02bc8173c559544fb454b373a5cbf3493ed8b59072f""}","{""actions"": """", ""calls"": 1, ""retrieval_operations"": 3, ""retry_count"": 0, ""search_queries"": """", ""submitted_answer"": ""32.69%"", ""trace_excerpt"": ""th 2019 being attributable to Deloitte, and 2018 and 2017 attributable to PwC). Audit Committee effectiveness As part of the Board evaluation process, the effectiveness of the Audit Committee was reviewed and this confirmed that the Committee remained effective at meeting its objectives. Steve Barber Chairman of the Audit Committee 12 March 2020 Model output: Audit fees in 2018: £823,000 (Evidence 1) Audit fees in 2019: £1,092,000 (Evidence 1) Percentage change = ((Audit fees in 2019 - Audit fees in 2018) / Audit fees in 2018) * 100 Percentage change = ((1,092 - 823) / 823) * 100 Percentage change = (269 / 823) * 100 Percentage change = 0.32685 * 100 Percentage change = 32.69% Answer: 32.69%"", ""trace_sha256"": ""sha256:0a918c0539fed707159d81601c3361ef0cba2f20e2fc16d146c0d71939f65610""}",,,,,,,,,,,,,,,,,,,,,,tatqa:e7ee9654a4faf700a3839ef377a1381d
tatqa,efccdf1a2d22ea55fae61dffcc35dfda,"$64,000","{""actions"": ""1: Search[\""cash raised\"" \""common stock\"" \""warrants\"" \""private placements\"" \""public offerings\"" \""warrant exercises\""] | 2: Lookup[Since its inception the Company has raised approximately $64,000, net in cash in consideration for issuances of Common Stock and warrants in private placements and public offerings as well as proceeds from warrants exercises.] | 3: Finish[The Company has raised approximately $64,000, net in cash in consideration for issuances of Common Stock and warrants in private placements and public offerings as well as proceeds from warrants exercises.]"", ""calls"": 3, ""retrieval_operations"": 2, ""retry_count"": 0, ""search_queries"": """", ""submitted_answer"": ""The Company has raised approximately $64,000, net in cash in consideration for issuances of Common Stock and warrants in private placements and public offerings as well as proceeds from warrants exercises."", ""trace_excerpt"": ""f Common Stock and warrants in private placements and public offerings as well as proceeds from warrants exercises.] Observation 2: (Result 1 / 1) Since its inception the Company has raised approximately $64,000, net in cash in consideration for issuances of Common Stock and warrants in private placements and public offerings as well as proceeds from warrants exercises. Thought 3: The information directly answers the question. Action 3: Finish[The Company has raised approximately $64,000, net in cash in consideration for issuances of Common Stock and warrants in private placements and public offerings as well as proceeds from warrants exercises.] Observation 3: Episode finished, reward = 1.0"", ""trace_sha256"": ""sha256:7ca148d9889d5d937f2c35609dc0ae312e1404751ce90b5c8422c731982e3d06""}","{""actions"": """", ""calls"": 1, ""retrieval_operations"": 3, ""retry_count"": 0, ""search_queries"": """", ""submitted_answer"": ""$64,000"", ""trace_excerpt"": "", net in cash in consideration for issuances of Common Stock and warrants in private placements and public offerings as well as proceeds from warrants exercises. Warrants: The following table sets forth the number, exercise price and expiration date of Company warrants outstanding as of December 31, 2019: [2] Dataset: tatqa Source ID: efccdf1a2d22ea55fae61dffcc35dfda [3] Evidence 1: Table: | Outstanding as of December 31, | Exercise | Exercisable Issuance Date | 2019 | price | Through Aug 2007- Jan 2011 | 2,016,666 | 3 - 4.35 | Nov-2022 Jun-2018 | 458,202 | 9 | Dec-2020 Jun-2018 | 1,158,000 | 7 | Dec-2021 Aug - 2019 | 842,000 | 7 | Dec-2021 Total | 4,474,868 | | Model output: Answer: $64,000"", ""trace_sha256"": ""sha256:859e5229ea7b5f45aa7b230fef60705606baec2a067977a7820ca9417dc3dd64""}",,,,,,,,,,,,,,,,,,,,,,tatqa:efccdf1a2d22ea55fae61dffcc35dfda
